-- MySQL dump 10.13  Distrib 5.7.21, for Win64 (x86_64)
--
-- Host: localhost    Database: udas
-- ------------------------------------------------------
-- Server version	5.7.21-log

/*!40101 SET @OLD_CHARACTER_SET_CLIENT=@@CHARACTER_SET_CLIENT */;
/*!40101 SET @OLD_CHARACTER_SET_RESULTS=@@CHARACTER_SET_RESULTS */;
/*!40101 SET @OLD_COLLATION_CONNECTION=@@COLLATION_CONNECTION */;
/*!40101 SET NAMES utf8 */;
/*!40103 SET @OLD_TIME_ZONE=@@TIME_ZONE */;
/*!40103 SET TIME_ZONE='+00:00' */;
/*!40014 SET @OLD_UNIQUE_CHECKS=@@UNIQUE_CHECKS, UNIQUE_CHECKS=0 */;
/*!40014 SET @OLD_FOREIGN_KEY_CHECKS=@@FOREIGN_KEY_CHECKS, FOREIGN_KEY_CHECKS=0 */;
/*!40101 SET @OLD_SQL_MODE=@@SQL_MODE, SQL_MODE='NO_AUTO_VALUE_ON_ZERO' */;
/*!40111 SET @OLD_SQL_NOTES=@@SQL_NOTES, SQL_NOTES=0 */;

--
-- Table structure for table `city`
--

DROP TABLE IF EXISTS `city`;
/*!40101 SET @saved_cs_client     = @@character_set_client */;
/*!40101 SET character_set_client = utf8 */;
CREATE TABLE `city` (
  `id` int(11) NOT NULL AUTO_INCREMENT,
  `city` varchar(45) COLLATE utf8mb4_unicode_ci DEFAULT NULL,
  PRIMARY KEY (`id`)
) ENGINE=InnoDB AUTO_INCREMENT=197 DEFAULT CHARSET=utf8mb4 COLLATE=utf8mb4_unicode_ci;
/*!40101 SET character_set_client = @saved_cs_client */;

--
-- Dumping data for table `city`
--

LOCK TABLES `city` WRITE;
/*!40000 ALTER TABLE `city` DISABLE KEYS */;
INSERT INTO `city` VALUES (5,'﻿Berkovići'),(6,'Jezero'),(7,'Petrovac'),(8,'Bijeljina'),(9,'Kalinovik'),(10,'Petrovo'),(11,'Bileća	'),(12,'Kneževo	'),(13,'Prijedor'),(14,'Bratunac	'),(15,'Kozarska Dubica	'),(16,'Prnjavor'),(17,'Brod	'),(18,'Kostajnica	'),(19,'Ribnik'),(20,'Višegrad	'),(21,'Kotor Varoš	'),(22,'Rogatica'),(23,'Vlasenica	'),(24,'Krupa na Uni	'),(25,'Rudo'),(26,'Vukosavlje	'),(27,'Kupres	'),(28,'Sokolac'),(29,'Gacko	'),(30,'Laktaši	'),(31,'Srbac'),(32,'Banja Luka	'),(33,'Lopare	'),(34,'Srebrenica'),(35,'Istočno Sarajevo	'),(36,'Ljubinje	'),(37,'Teslić'),(38,'Gradiška	'),(39,'Milići	'),(40,'Trebinje'),(41,'Derventa	'),(42,'Modriča	'),(43,'Trnovo'),(44,'Grad '),(45,'Doboj	'),(46,'Mrkonjić Grad	'),(47,'Ugljevik'),(48,'Donji Žabar	'),(49,'Nevesinje	'),(50,'Foča'),(51,'Zvornik	'),(52,'Novi Grad	'),(53,'Han Pijesak'),(54,'Istočna Ilidža'),(55,'Novo Goražde	'),(56,'Čajniče'),(57,'Drvar	'),(58,'Osmaci	'),(59,'Čelinac'),(60,'Mostar	'),(61,'Oštra Luka	'),(62,'Šamac'),(63,'Stari Grad	'),(64,'Pale	'),(65,'Šekovići'),(66,'Istočno Novo Sarajevo	'),(67,'Pelagićevo	'),(68,'Šipovo'),(69,'﻿Berkovići'),(70,'Jezero'),(71,'Petrovac'),(72,'Bijeljina'),(73,'Kalinovik'),(74,'Petrovo'),(75,'Bileća	'),(76,'Kneževo	'),(77,'Prijedor'),(78,'Bratunac	'),(79,'Kozarska Dubica	'),(80,'Prnjavor'),(81,'Brod	'),(82,'Kostajnica	'),(83,'Ribnik'),(84,'Višegrad	'),(85,'Kotor Varoš	'),(86,'Rogatica'),(87,'Vlasenica	'),(88,'Krupa na Uni	'),(89,'Rudo'),(90,'Vukosavlje	'),(91,'Kupres	'),(92,'Sokolac'),(93,'Gacko	'),(94,'Laktaši	'),(95,'Srbac'),(96,'Banja Luka	'),(97,'Lopare	'),(98,'Srebrenica'),(99,'Istočno Sarajevo	'),(100,'Ljubinje	'),(101,'Teslić'),(102,'Gradiška	'),(103,'Milići	'),(104,'Trebinje'),(105,'Derventa	'),(106,'Modriča	'),(107,'Trnovo'),(108,'Grad '),(109,'Doboj	'),(110,'Mrkonjić Grad	'),(111,'Ugljevik'),(112,'Donji Žabar	'),(113,'Nevesinje	'),(114,'Foča'),(115,'Zvornik	'),(116,'Novi Grad	'),(117,'Han Pijesak'),(118,'Istočna Ilidža'),(119,'Novo Goražde	'),(120,'Čajniče'),(121,'Drvar	'),(122,'Osmaci	'),(123,'Čelinac'),(124,'Mostar	'),(125,'Oštra Luka	'),(126,'Šamac'),(127,'Stari Grad	'),(128,'Pale	'),(129,'Šekovići'),(130,'Istočno Novo Sarajevo	'),(131,'Pelagićevo	'),(132,'Šipovo'),(133,'﻿Berkovići'),(134,'Jezero'),(135,'Petrovac'),(136,'Bijeljina'),(137,'Kalinovik'),(138,'Petrovo'),(139,'Bileća	'),(140,'Kneževo	'),(141,'Prijedor'),(142,'Bratunac	'),(143,'Kozarska Dubica	'),(144,'Prnjavor'),(145,'Brod	'),(146,'Kostajnica	'),(147,'Ribnik'),(148,'Višegrad	'),(149,'Kotor Varoš	'),(150,'Rogatica'),(151,'Vlasenica	'),(152,'Krupa na Uni	'),(153,'Rudo'),(154,'Vukosavlje	'),(155,'Kupres	'),(156,'Sokolac'),(157,'Gacko	'),(158,'Laktaši	'),(159,'Srbac'),(160,'Banja Luka	'),(161,'Lopare	'),(162,'Srebrenica'),(163,'Istočno Sarajevo	'),(164,'Ljubinje	'),(165,'Teslić'),(166,'Gradiška	'),(167,'Milići	'),(168,'Trebinje'),(169,'Derventa	'),(170,'Modriča	'),(171,'Trnovo'),(172,'Grad '),(173,'Doboj	'),(174,'Mrkonjić Grad	'),(175,'Ugljevik'),(176,'Donji Žabar	'),(177,'Nevesinje	'),(178,'Foča'),(179,'Zvornik	'),(180,'Novi Grad	'),(181,'Han Pijesak'),(182,'Istočna Ilidža'),(183,'Novo Goražde	'),(184,'Čajniče'),(185,'Drvar	'),(186,'Osmaci	'),(187,'Čelinac'),(188,'Mostar	'),(189,'Oštra Luka	'),(190,'Šamac'),(191,'Stari Grad	'),(192,'Pale	'),(193,'Šekovići'),(194,'Istočno Novo Sarajevo	'),(195,'Pelagićevo	'),(196,'Šipovo');
/*!40000 ALTER TABLE `city` ENABLE KEYS */;
UNLOCK TABLES;

--
-- Table structure for table `city_province`
--

DROP TABLE IF EXISTS `city_province`;
/*!40101 SET @saved_cs_client     = @@character_set_client */;
/*!40101 SET character_set_client = utf8 */;
CREATE TABLE `city_province` (
  `id` int(11) NOT NULL AUTO_INCREMENT,
  `city_id` int(11) DEFAULT NULL,
  `city_province` varchar(50) COLLATE utf8mb4_unicode_ci DEFAULT NULL,
  PRIMARY KEY (`id`),
  KEY `mjesto_idx` (`city_id`),
  CONSTRAINT `city_province_ibfk_1` FOREIGN KEY (`city_id`) REFERENCES `city` (`id`)
) ENGINE=InnoDB AUTO_INCREMENT=5581 DEFAULT CHARSET=utf8mb4 COLLATE=utf8mb4_unicode_ci;
/*!40101 SET character_set_client = @saved_cs_client */;

--
-- Dumping data for table `city_province`
--

LOCK TABLES `city_province` WRITE;
/*!40000 ALTER TABLE `city_province` DISABLE KEYS */;
INSERT INTO `city_province` VALUES (2791,NULL,'Zijemlje'),(2792,NULL,'Kamena'),(2793,NULL,'Kokorina'),(2794,104,'Aranđelovo'),(2795,104,'Arbanaška'),(2796,104,'Arslanagića Most'),(2797,104,'Baonine'),(2798,104,'Begović Kula'),(2799,104,'Bijelač'),(2800,104,'Bijograd'),(2801,104,'Bioci'),(2802,104,'Bihovo'),(2803,104,'Bogojević Selo'),(2804,104,'Bodiroge'),(2805,104,'Borilovići'),(2806,104,'Brani Do'),(2807,104,'Brova'),(2808,104,'Budoši'),(2809,104,'Bugovina'),(2810,104,'Veličani'),(2811,104,'Velja Gora'),(2812,104,'Vladušići'),(2813,104,'Vlasače'),(2814,104,'Vlaška'),(2815,104,'Volujac'),(2816,104,'Vrpolje Zagora'),(2817,104,'Vrpolje Ljubomir'),(2818,104,'Vučija'),(2819,104,'Glavinići'),(2820,104,'Gojšina'),(2821,104,'Gola Glavica'),(2822,104,'Gomiljani'),(2823,104,'Gornja Kočela'),(2824,104,'Gornje Vrbno'),(2825,104,'Gornje Grančarevo'),(2826,104,'Gornje Čičevo'),(2827,104,'Gornji Orahovac'),(2828,104,'Grab'),(2829,104,'Grbeši'),(2830,104,'Grbići'),(2831,104,'Grkavci'),(2832,104,'Grmljani'),(2833,104,'Desin Selo'),(2834,104,'Diklići'),(2835,104,'Do'),(2836,104,'Dobromani'),(2837,104,'Dodanovići'),(2838,104,'Dolovi'),(2839,104,'Domaševo'),(2840,104,'Donja Kočela'),(2841,104,'Donje Vrbno'),(2842,104,'Donje Grančarevo'),(2843,104,'Donje Čičevo'),(2844,104,'Donji Orahovac'),(2845,104,'Dračevo'),(2846,104,'Dražin Do'),(2847,104,'Drijenjani'),(2848,104,'Dubljani'),(2849,104,'Dubočani'),(2850,104,'Duži'),(2851,104,'Đedići'),(2852,104,'Žakovo'),(2853,104,'Ždrijelovići'),(2854,104,'Željevo'),(2855,104,'Župa'),(2856,104,'Zagora'),(2857,104,'Zgonjevo'),(2858,104,'Jazina'),(2859,104,'Janjač'),(2860,104,'Jasen'),(2861,104,'Jasenica Lug'),(2862,104,'Jušići'),(2863,104,'Klikovići'),(2864,104,'Klobuk'),(2865,104,'Kovačina'),(2866,104,'Konjsko'),(2867,104,'Korlati'),(2868,104,'Kotezi'),(2869,104,'Kraj'),(2870,104,'Krajkovići'),(2871,104,'Kremeni Do'),(2872,104,'Krnjevići'),(2873,104,'Kučići'),(2874,104,'Kunja Glavica'),(2875,104,'Lapja'),(2876,104,'Lastva'),(2877,104,'Lokvice'),(2878,104,'Lomači'),(2879,104,'Lug'),(2880,104,'Lušnica'),(2881,104,'Ljekova'),(2882,104,'Ljubovo'),(2883,104,'Marić Međine'),(2884,104,'Mesari'),(2885,104,'Mionići'),(2886,104,'Morče'),(2887,104,'Mosko'),(2888,104,'Mrkonjići'),(2889,104,'Mrnjići'),(2890,104,'Necvijeće'),(2891,104,'Nikontovići'),(2892,104,'Ograde'),(2893,104,'Orašje Zubci'),(2894,104,'Orašje Popovo'),(2895,104,'Orašje Površ'),(2896,104,'Parojska Njiva'),(2897,104,'Petrovići'),(2898,104,'Pijavice'),(2899,104,'Podvori'),(2900,104,'Podosoje'),(2901,104,'Podstrašivica'),(2902,104,'Podštirovnik'),(2903,104,'Poljice Popovo'),(2904,104,'Poljice Čičevo'),(2905,104,'Prhinje'),(2906,104,'Pridvorci'),(2907,104,'Rapti Bobani'),(2908,104,'Rapti Zupci'),(2909,104,'Rasovac'),(2910,104,'Sedlari'),(2911,104,'Skočigrm'),(2912,104,'Slivnica Površ'),(2913,104,'Staro Slano'),(2914,104,'Strujići'),(2915,104,'Taleža'),(2916,104,'Todorići'),(2917,104,'Trebijovi'),(2918,104,'Trebinje'),(2919,104,'Tuli'),(2920,104,'Tulje'),(2921,104,'Turani'),(2922,104,'Turica'),(2923,104,'Turmenti'),(2924,104,'Tvrdoš'),(2925,104,'Ubla'),(2926,104,'Uvjeća'),(2927,104,'Ugarci'),(2928,104,'Ukšići'),(2929,104,'Hum'),(2930,104,'Cerovac'),(2931,104,'Cicina'),(2932,104,'Čvarići'),(2933,104,'Šarani'),(2934,104,'Šćenica Ljubomir'),(2935,129,'Akmačići'),(2936,129,'Ašćerići'),(2937,129,'Bašići'),(2938,129,'Betanj'),(2939,129,'Bijelo Polje'),(2940,129,'Bobari'),(2941,129,'Bobarsko polje'),(2942,129,'Velika Njiva'),(2943,129,'Vidakovići'),(2944,129,'Vrelo'),(2945,129,'Vreljansko polje'),(2946,129,'Gačići'),(2947,129,'Dobrić'),(2948,129,'Dole'),(2949,129,'Dubačkići'),(2950,129,'Đurići'),(2951,129,'Željeznik'),(2952,129,'Zidonje'),(2953,129,'Zupci'),(2954,129,'Javor'),(2955,129,'Jakovice'),(2956,129,'Jelačići'),(2957,129,'Kalabače'),(2958,129,'Kaštjelj'),(2959,129,'Korjen'),(2960,129,'Lukići'),(2961,129,'Majdan'),(2962,129,'Markovići'),(2963,129,'Mijići'),(2964,129,'Milovanovići'),(2965,129,'Pavlovići'),(2966,129,'Papraća'),(2967,129,'Pelemiši'),(2968,129,'Petrovići'),(2969,129,'Plazače'),(2970,129,'Pobedarje'),(2971,129,'Podpola'),(2972,129,'Raševo'),(2973,129,'Selište'),(2974,129,'Stanimirovići'),(2975,129,'Strmica'),(2976,129,'Stupari'),(2977,129,'Sučani'),(2978,129,'Tepen'),(2979,129,'Tišča'),(2980,129,'Trnovo'),(2981,129,'Tupanari'),(2982,129,'Udbina'),(2983,129,'Čanići'),(2984,129,'Džanojevići'),(2985,129,'Šekovići'),(2986,NULL,'Bastaji'),(2987,NULL,'Bokani'),(2988,NULL,'Borak'),(2989,NULL,'Bregovi'),(2990,NULL,'Vlatkovići'),(2991,NULL,'Golo Brdo'),(2992,NULL,'Gornji Korićani'),(2993,NULL,'Donji Korićani'),(2994,NULL,'Živinice'),(2995,NULL,'Imljani'),(2996,NULL,'Javorani'),(2997,NULL,'Kneževo'),(2998,NULL,'Kobilja'),(2999,NULL,'Kostići'),(3000,NULL,'Mokri Lug'),(3001,NULL,'Paunovići'),(3002,NULL,'Rađići'),(3003,NULL,'Ćukovac'),(3004,NULL,'Čarići'),(3005,NULL,'Šolaji'),(3006,NULL,'Baština'),(3007,NULL,'Bilice'),(3008,NULL,'Boljanići'),(3009,NULL,'Borci Gornji'),(3010,NULL,'Borci Donji'),(3011,NULL,'Vagani'),(3012,NULL,'Varjače'),(3013,NULL,'Večići'),(3014,NULL,'Viševice'),(3015,NULL,'Vranić'),(3016,NULL,'Vrbanjci'),(3017,NULL,'Garići'),(3018,NULL,'Grabovica'),(3019,NULL,'Gluha Bukovica'),(3020,NULL,'Duratovci'),(3021,NULL,'Zabrđe'),(3022,NULL,'Zaselje'),(3023,NULL,'Jakotina'),(3024,NULL,'Kotor Varoš'),(3025,NULL,'Kruševo Brdo I'),(3026,NULL,' Kruševo Brdo II'),(3027,NULL,'Liplje'),(3028,NULL,'Maljeva'),(3029,NULL,'Maslovare'),(3030,NULL,'Raštani'),(3031,NULL,'Obodnik'),(3032,NULL,'Orahova'),(3033,NULL,'Palivuk'),(3034,NULL,'Plitska'),(3035,NULL,'Podbrđe'),(3036,NULL,'Podosoje'),(3037,NULL,'Postoje'),(3038,NULL,'Prisočka'),(3039,NULL,'Ravne'),(3040,NULL,'Radohova'),(3041,NULL,'Selačka'),(3042,NULL,'Sokoline'),(3043,NULL,'Stopan'),(3044,NULL,'Tovladić'),(3045,NULL,'Ćorkovići'),(3046,NULL,'Hadrovci'),(3047,NULL,'Hrvaćani'),(3048,NULL,'Šibovi'),(3049,NULL,'Šiprage'),(3050,NULL,'Bobetino Brdo'),(3051,NULL,'Brijest'),(3052,NULL,'Brusnica'),(3053,NULL,'Vakuf'),(3054,NULL,'Visori'),(3055,NULL,'Vukosavci'),(3056,NULL,'Završje'),(3057,NULL,'Jablanica'),(3058,NULL,'Kovačica'),(3059,NULL,'Kolimer'),(3060,NULL,'Kozjak'),(3061,NULL,'Konjikovići'),(3062,NULL,'Koraj'),(3063,NULL,'Koretaši'),(3064,NULL,'Labucka'),(3065,NULL,'Lipovice'),(3066,NULL,'Lopare'),(3067,NULL,'Lopare Selo'),(3068,NULL,'Lukavica'),(3069,NULL,'Mačkovac'),(3070,NULL,'Milino Selo'),(3071,NULL,'Mirosavci'),(3072,NULL,'Mrtvica'),(3073,NULL,'Peljave'),(3074,NULL,'Piperi'),(3075,NULL,'Pirkovci'),(3076,NULL,'Podgora'),(3077,NULL,'Potraš'),(3078,NULL,'Priboj'),(3079,NULL,'Pukiš'),(3080,NULL,'Puškovac'),(3081,NULL,'Ratkovići'),(3082,NULL,'Smiljevac'),(3083,NULL,'Tobut'),(3084,NULL,'Cviljevina'),(3085,NULL,'Čelić'),(3086,NULL,'Šibošnica'),(3087,92,'Baltići'),(3088,92,'Bandin Odžak'),(3089,92,'Banja Lučica'),(3090,92,'Barnik'),(3091,92,'Bećari'),(3092,92,'Bereg'),(3093,92,'Berkovići'),(3094,92,'Bijela Voda'),(3095,92,'Bjelasovići'),(3096,92,'Bjelosavljevići'),(3097,92,'Borovac'),(3098,92,'Brejakovići'),(3099,92,'Bukovik'),(3100,92,'Vidrići'),(3101,92,'Vraneši'),(3102,92,'Vrapci'),(3103,92,'Vražići'),(3104,92,'Vrhbarje'),(3105,92,'Vrhovina'),(3106,92,'Vrutci'),(3107,92,'Vukosavljevići'),(3108,92,'Gazivode'),(3109,92,'Gornji Drapnići'),(3110,92,'Gornji Kalimanići'),(3111,92,'Gornji Poretak'),(3112,92,'Grbići'),(3113,92,'Gurdići'),(3114,92,'Donje Babine'),(3115,92,'Donje Gire'),(3116,92,'Donji Drapnići'),(3117,92,'Donji Kalimanići'),(3118,92,'Drecelj'),(3119,92,'Dugančići'),(3120,92,'Đedovci'),(3121,92,'Žljebovi'),(3122,92,'Žulj'),(3123,92,'Žunovi'),(3124,92,'Zagrađe'),(3125,92,'Imamovići'),(3126,92,'Jabuka'),(3127,92,'Jasik'),(3128,92,'Kadića Brdo'),(3129,92,'Kalauzovići'),(3130,92,'Kaljina'),(3131,92,'Kazmerići'),(3132,92,'Klečkovac'),(3133,92,'Knežina'),(3134,92,'Kolakovići'),(3135,92,'Košutica'),(3136,92,'Krajšići'),(3137,92,'Kruševci'),(3138,92,'Kruševo'),(3139,92,'Kula'),(3140,92,'Kusače'),(3141,92,'Kuti'),(3142,92,'Mandra'),(3143,92,'Mangurići'),(3144,92,'Margetići'),(3145,92,'Medojevići'),(3146,92,'Meljine'),(3147,92,'Miletci'),(3148,92,'Miletine'),(3149,92,'Mičivode'),(3150,92,'Nepravdići'),(3151,92,'Nehorići'),(3152,92,'Novo Selo'),(3153,92,'Novoseoci'),(3154,92,'Ozerkovići'),(3155,92,'Pavičići'),(3156,92,'Parževići'),(3157,92,'Pediše'),(3158,92,'Pihlice'),(3159,92,'Pobratci'),(3160,92,'Podkrajeva'),(3161,92,'Podromanija'),(3162,92,'Preljubovići'),(3163,92,'Prinčići'),(3164,92,'Pusto Selo'),(3165,92,'Ravna Romanija'),(3166,92,'Rijeća'),(3167,92,'Rudine'),(3168,92,'Selišta'),(3169,92,'Sijerci'),(3170,92,'Smrtići'),(3171,92,'Sokolac'),(3172,92,'Sokolovići'),(3173,92,'Točionik'),(3174,92,'Turkovići'),(3175,92,'Hrastišta'),(3176,92,'Cvrčići'),(3177,92,'Čavarine'),(3178,92,'Čitluci'),(3179,92,'Džindići'),(3180,92,'Šahbegovići'),(3181,92,'Šenkovići'),(3182,92,'Šaševci'),(3183,92,'Širijevići'),(3184,107,'Bašci'),(3185,107,'Bistročaj'),(3186,107,'Bogatići'),(3187,107,'Boljanovići'),(3188,107,'Vrbovnik'),(3189,107,'Govedovići'),(3190,107,'Godinja'),(3191,107,'Grab'),(3192,107,'Gračanica'),(3193,107,'Divčići'),(3194,107,'Donja Presjenica'),(3195,107,'Zabojska'),(3196,107,'Ilovice'),(3197,107,'Jablanica'),(3198,107,'Kijevo'),(3199,107,'Klanac'),(3200,107,'Kozija Luka'),(3201,107,'Milje'),(3202,107,'Podivič'),(3203,107,'Rajski Do'),(3204,107,'Slavljevići'),(3205,107,'Tošići'),(3206,107,'Trnovo'),(3207,107,'Turovi'),(3208,107,'Ulobići'),(3209,89,'Arbanasi'),(3210,89,'Arsići'),(3211,89,'Bare'),(3212,89,'Bijelo Brdo'),(3213,89,'Biševići'),(3214,89,'Bjelugovina'),(3215,89,'Bjelušine'),(3216,89,'Bjeljevine'),(3217,89,'Blizna'),(3218,89,'Bovan'),(3219,89,'Božovići'),(3220,89,'Boranovići'),(3221,89,'Budalice'),(3222,89,'Vagan'),(3223,89,'Viti Grab'),(3224,89,'Gaočići'),(3225,89,'Gojava'),(3226,89,'Gornja Rijeka'),(3227,89,'Gornja Strmica'),(3228,89,'Gornje Cikote'),(3229,89,'Gornji Ravanci'),(3230,89,'Grabovik'),(3231,89,'Grivin'),(3232,89,'Danilovići'),(3233,89,'Dolovi'),(3234,89,'Donja Rijeka'),(3235,89,'Donja Strmica'),(3236,89,'Donje Cikote'),(3237,89,'Donji Ravanci'),(3238,89,'Dorići'),(3239,89,'Dubac'),(3240,89,'Dugovječ'),(3241,89,'Zagrađe'),(3242,89,'Zarbovina'),(3243,89,'Zlatari'),(3244,89,'Zubač'),(3245,89,'Zubanj'),(3246,89,'Janjići'),(3247,89,'Knjeginja'),(3248,89,'Kovači'),(3249,89,'Kosovići'),(3250,89,'Kula'),(3251,89,'Ljutava'),(3252,89,'Međurečje'),(3253,89,'Mikavice'),(3254,89,'Mioče'),(3255,89,'Misajlovina'),(3256,89,'Mokronozi'),(3257,89,'Mrsovo'),(3258,89,'Nikolići'),(3259,89,'Obrvena'),(3260,89,'Omarine'),(3261,89,'Omačina'),(3262,89,'Oputnica'),(3263,89,'Orah'),(3264,89,'Oskoruša'),(3265,89,'Pazalje'),(3266,89,'Past'),(3267,89,'Peljevići'),(3268,89,'Petačine'),(3269,89,'Plema'),(3270,89,'Polimlje'),(3271,89,'Popov Do'),(3272,89,'Pohare'),(3273,89,'Prebidoli'),(3274,89,'Pribišići'),(3275,89,'Prijevorac'),(3276,89,'Ravne Njive'),(3277,89,'Radoželje'),(3278,89,'Rakovići'),(3279,89,'Resići'),(3280,89,'Rudo'),(3281,89,'Rupavci'),(3282,89,'Sastavci'),(3283,89,'Setihovo'),(3284,89,'Sokolovići'),(3285,89,'Stankovača'),(3286,89,'Staro Rudo'),(3287,89,'Strgači'),(3288,89,'Strgačina'),(3289,89,'Trbosilje'),(3290,89,'Trnavci'),(3291,89,'Trnavci kod Rudog'),(3292,89,'Uvac'),(3293,89,'Ustibar'),(3294,89,'Cvrkote'),(3295,89,'Čavdari'),(3296,89,'Džihanići'),(3297,89,'Šahdani'),(3298,89,'Štrpci'),(3299,70,'Barevo'),(3300,70,'Borci'),(3301,70,'Bravnice'),(3302,70,'Drenov Do'),(3303,70,'Đumezlije'),(3304,70,'Jezero'),(3305,70,'Kovačevac'),(3306,70,'Ljoljići'),(3307,70,'Perućica'),(3308,70,'Prisoje'),(3309,70,'Čerkazovići'),(3310,NULL,'Batkovci'),(3311,NULL,'Budimlić Japra'),(3312,NULL,'Garevica'),(3313,NULL,'Gornja Kozica'),(3314,NULL,'Gornja Tramošnja'),(3315,NULL,'Donja Kozica'),(3316,NULL,'Donja Tramošnja'),(3317,NULL,'Duge Njive'),(3318,NULL,'Zenkovići'),(3319,NULL,'Koprivna'),(3320,NULL,'Marini'),(3321,NULL,'Mrkalji'),(3322,NULL,'Ovanjska'),(3323,NULL,'Oštra Luka'),(3324,NULL,'Podvidača'),(3325,NULL,'Sasina'),(3326,NULL,'Slatina'),(3327,NULL,'Stara Rijeka'),(3328,NULL,'Hadrovci'),(3329,NULL,'Halilovci'),(3330,NULL,'Hazići'),(3331,NULL,'Usorci'),(3332,NULL,'Škrljevita'),(3333,NULL,'Bakići'),(3334,NULL,'Brda'),(3335,NULL,'Vlasenica'),(3336,NULL,'Vrli Kraj'),(3337,NULL,'Gobelje'),(3338,NULL,'Grabovica'),(3339,NULL,'Gradina'),(3340,NULL,'Dragaševac'),(3341,NULL,'Drum'),(3342,NULL,'Durakovići'),(3343,NULL,'Durići'),(3344,NULL,'Jasen'),(3345,NULL,'Klještani'),(3346,NULL,'Kozja Ravan'),(3347,NULL,'Kojčevina'),(3348,NULL,'Kulina'),(3349,NULL,'Kuljančići'),(3350,NULL,'Majstorovići'),(3351,NULL,'Mišari'),(3352,NULL,'Mršići'),(3353,NULL,'Neđeljišta '),(3354,NULL,'Odžak'),(3355,NULL,'Peševina'),(3356,NULL,'Pijuke '),(3357,NULL,'Plakalovići'),(3358,NULL,'Podcrkvina'),(3359,NULL,'Pustoše'),(3360,NULL,'Rača'),(3361,NULL,'Rašića Gaj'),(3362,NULL,'Rogosija'),(3363,NULL,'Simići'),(3364,NULL,'Tikvarići'),(3365,NULL,'Tugovo'),(3366,NULL,'Turalići'),(3367,NULL,'Cerska'),(3368,NULL,'Džemat'),(3369,NULL,'Šadići Gornji'),(3370,NULL,'Šadići Donji '),(3371,NULL,'Aginci'),(3372,NULL,'Babinac'),(3373,NULL,'Bačvani'),(3374,NULL,'Bijakovac'),(3375,NULL,'Bjelajci'),(3376,NULL,'Božići'),(3377,NULL,'Brekinja'),(3378,NULL,'Veliko Dvorište'),(3379,NULL,'Verija'),(3380,NULL,'Vlaškovci'),(3381,NULL,'Vojskova'),(3382,NULL,'Vrioci'),(3383,NULL,'Gornja Gradina'),(3384,NULL,'Gornjoselci'),(3385,NULL,'Gunjevci'),(3386,NULL,'Demirovac'),(3387,NULL,'Dizdarlije'),(3388,NULL,'Donja Gradina'),(3389,NULL,'Donja Jutrogošta'),(3390,NULL,'Donja Slabinja'),(3391,NULL,'Donji Jelovac'),(3392,NULL,'Draksenić'),(3393,NULL,'Jasenje'),(3394,NULL,'Johova'),(3395,NULL,'Jošik'),(3396,NULL,'Kadin Jelovac'),(3397,NULL,'Klekovci'),(3398,NULL,'Knežica'),(3399,NULL,'Kozarska Dubica'),(3400,NULL,'Komlenac'),(3401,NULL,'Košuća'),(3402,NULL,'Koturovi'),(3403,NULL,'Kriva Rijeka'),(3404,NULL,'Maglajci'),(3405,NULL,'Malo Dvorište'),(3406,NULL,'Međeđa'),(3407,NULL,'Međuvođe'),(3408,NULL,'Mirkovac'),(3409,NULL,'Mlječanica'),(3410,NULL,'Mrazovci'),(3411,NULL,'Murati'),(3412,NULL,'Novoselci'),(3413,NULL,'Odžinci'),(3414,NULL,'Parnice'),(3415,NULL,'Pobrđani'),(3416,NULL,'Pucari'),(3417,NULL,'Rakovica'),(3418,NULL,'Sjeverovci'),(3419,NULL,'Sključani'),(3420,NULL,'Sreflije'),(3421,NULL,'Strigova'),(3422,NULL,'Suvaja'),(3423,NULL,'Tuključani'),(3424,NULL,'Ćuklinac'),(3425,NULL,'Ušivac'),(3426,NULL,'Furde'),(3427,NULL,'Hadžibajir'),(3428,NULL,'Hajderovci'),(3429,NULL,'Čelebinci'),(3430,NULL,'Čitluk'),(3431,NULL,'Ševarlije'),(3432,NULL,'Špilja'),(3433,NULL,'Bašabulići'),(3434,NULL,'Blagojevići'),(3435,NULL,'Bogdanići'),(3436,NULL,'Borak Brdo'),(3437,NULL,'Borova'),(3438,NULL,'Bošanje'),(3439,NULL,'Bučje'),(3440,NULL,'Vlahovići'),(3441,NULL,'Vranpotok'),(3442,NULL,'Vučetić'),(3443,NULL,'Gaj'),(3444,NULL,'Gojčevići'),(3445,NULL,'Gradac'),(3446,NULL,'Gromila'),(3447,NULL,'Donja Sopotnica'),(3448,NULL,'Donje Selo'),(3449,NULL,'Dragovići'),(3450,NULL,'Dragolji'),(3451,NULL,'Živojevići'),(3452,NULL,'Žigovi'),(3453,NULL,'Žitovo'),(3454,NULL,'Žuželo'),(3455,NULL,'Zakalje'),(3456,NULL,'Zapljevac'),(3457,NULL,'Zemegresi'),(3458,NULL,'Zidine'),(3459,NULL,'Zorlaci'),(3460,NULL,'Zubovići u Oglečevi'),(3461,NULL,'Jabuka'),(3462,NULL,'Kazagići'),(3463,NULL,'Kanlići'),(3464,NULL,'Karauzovići'),(3465,NULL,'Karovići'),(3466,NULL,'Kopači'),(3467,NULL,'Kostenik'),(3468,NULL,'Krašići'),(3469,NULL,'Kreča'),(3470,NULL,'Ljeskovik'),(3471,NULL,'Mašići'),(3472,NULL,'Milanovići'),(3473,NULL,'Našćenje'),(3474,NULL,'Nevorići'),(3475,NULL,'Novakovići'),(3476,NULL,'Novo Goražde'),(3477,NULL,'Oglečeva'),(3478,NULL,'Odžak'),(3479,NULL,'Podkozara Gornja'),(3480,NULL,'Podkozara Donja'),(3481,NULL,'Podmašići'),(3482,NULL,'Podmeljine'),(3483,NULL,'Podhomara'),(3484,NULL,'Pribjenovići'),(3485,NULL,'Prolaz'),(3486,NULL,'Pršeši'),(3487,NULL,'Radijevići'),(3488,NULL,'Radići'),(3489,NULL,'Radmilovići'),(3490,NULL,'Ropovići'),(3491,NULL,'Rusanj'),(3492,NULL,'Seoca'),(3493,NULL,'Slatina'),(3494,NULL,'Sopotnica'),(3495,NULL,'Surovi'),(3496,NULL,'Trebeševo'),(3497,NULL,'Ustiprača'),(3498,NULL,'Uhotići'),(3499,NULL,'Hajradinovići'),(3500,NULL,'Hladila'),(3501,NULL,'Hrid'),(3502,NULL,'Hrušanj'),(3503,NULL,'Hubjeri'),(3504,NULL,'Džuha'),(3505,NULL,'Šovšići'),(3506,NULL,'Šućurići'),(3507,NULL,'Blaževac'),(3508,NULL,'Gornja Tramošnica'),(3509,NULL,'Gornje Ledenice'),(3510,NULL,'Donja Tramošnica'),(3511,NULL,'Donje Ledenice'),(3512,NULL,'Njivak'),(3513,NULL,'Orlovo Polje'),(3514,NULL,'Pelagićevo'),(3515,NULL,'Porebrice'),(3516,NULL,'Samarevac'),(3517,NULL,'Turić'),(3518,77,'Ališići'),(3519,77,'Babići'),(3520,77,'Bistrica'),(3521,77,'Bišćani'),(3522,77,'Božići'),(3523,77,'Brđani'),(3524,77,'Brezičani'),(3525,77,'Briševo'),(3526,77,'Busnovi'),(3527,77,'Veliko Palančište'),(3528,77,'Gaćani'),(3529,77,'Gomjenica'),(3530,77,'Gornja Dragotinja'),(3531,77,'Gornja Jutrogošta'),(3532,77,'Gornja Puharska'),(3533,77,'Gornja Ravska'),(3534,77,'Gornji Volar'),(3535,77,'Gornji Garevci'),(3536,77,'Gornji Jelovac'),(3537,77,'Gornji Orlovci'),(3538,77,'Gradina'),(3539,77,'Dera'),(3540,77,'Donja Dragotinja'),(3541,77,'Donja Ravska'),(3542,77,'Donji Volar'),(3543,77,'Donji Garevci'),(3544,77,'Donji Orlovci'),(3545,77,'Žune'),(3546,77,'Zecovi'),(3547,77,'Jaruge'),(3548,77,'Jelićka'),(3549,77,'Jugovci'),(3550,77,'Kalajevo'),(3551,77,'Kamičani'),(3552,77,'Kevljani'),(3553,77,'Kozarac'),(3554,77,'Kozaruša'),(3555,77,'Krivaja'),(3556,77,'Lamovita'),(3557,77,'Ljeskare'),(3558,77,'Ljubija'),(3559,77,'Malo Palančište'),(3560,77,'Marini'),(3561,77,'Marićka'),(3562,77,'Miljakovci'),(3563,77,'Miska Glava'),(3564,77,'Niševići'),(3565,77,'Ništavci'),(3566,77,'Omarska'),(3567,77,'Orlovača'),(3568,77,'Pejići'),(3569,77,'Petrovo'),(3570,77,'Petrov Gaj'),(3571,77,'Prijedor'),(3572,77,'Rakelići'),(3573,77,'Rakovčani'),(3574,77,'Raljaš'),(3575,77,'Rasavci'),(3576,77,'Rizvanovići'),(3577,77,'Saničani'),(3578,77,'Tisova'),(3579,77,'Tomašica'),(3580,77,'Trnopolje'),(3581,77,'Ćela'),(3582,77,'Hambarine'),(3583,77,'Hrnići'),(3584,77,'Cikote'),(3585,77,'Crna Dolina'),(3586,77,'Čarakovo'),(3587,77,'Čejreci'),(3588,77,'Čirkin Polje'),(3589,77,'Šurkovac'),(3590,NULL,'Ahmetovci'),(3591,NULL,'Blagaj Japra'),(3592,NULL,'Blagaj Rijeka'),(3593,NULL,'Blatna'),(3594,NULL,'Vedovica'),(3595,NULL,'Velika Žuljevica'),(3596,NULL,'Velika Rujiška'),(3597,NULL,'Vitasovci'),(3598,NULL,'Gornje Vodičevo'),(3599,NULL,'Gornji Agići'),(3600,NULL,'Gornji Rakani'),(3601,NULL,'Grabašnica'),(3602,NULL,'Devetaci'),(3603,NULL,'Dobrljin'),(3604,NULL,'Donje Vodičevo'),(3605,NULL,'Donji Agići'),(3606,NULL,'Donji Rakani'),(3607,NULL,'Johovica'),(3608,NULL,'Jošava'),(3609,NULL,'Kršlje'),(3610,NULL,'Kuljani'),(3611,NULL,'Lješljani'),(3612,NULL,'Mazić'),(3613,NULL,'Mala Žuljevica'),(3614,NULL,'Mala Krupska Rujiška'),(3615,NULL,'Mala Novska Rujiška'),(3616,NULL,'Maslovare'),(3617,NULL,'Matavazi'),(3618,NULL,'Novi Grad'),(3619,NULL,'Petkovac'),(3620,NULL,'Poljavnice'),(3621,NULL,'Prusci'),(3622,NULL,'Ravnice'),(3623,NULL,'Radomirovac'),(3624,NULL,'Rakovac'),(3625,NULL,'Rašće'),(3626,NULL,'Rudice'),(3627,NULL,'Svodna'),(3628,NULL,'Sokolište'),(3629,NULL,'Suhača'),(3630,NULL,'Trgovište'),(3631,NULL,'Ćele'),(3632,NULL,'Hozići'),(3633,NULL,'Cerovica'),(3634,NULL,'Crna Rijeka'),(3635,NULL,'Čađavica Donja'),(3636,NULL,'Čađavica Donja'),(3637,NULL,'Čađavica Srednja'),(3638,NULL,'Mrđanovci'),(3639,NULL,'Novo Selo'),(3640,NULL,'Rastičevo'),(3641,NULL,'Šemenovci'),(3642,NULL,'Gornja Slabinja'),(3643,NULL,'Grdanovac'),(3644,NULL,'Gumljani'),(3645,NULL,'Zovik'),(3646,NULL,'Kalenderi'),(3647,NULL,'Kostajnica'),(3648,NULL,'Mrakodol'),(3649,NULL,'Mraovo Polje'),(3650,NULL,'Petrinja'),(3651,NULL,'Pobrđani'),(3652,NULL,'Podoška'),(3653,NULL,'Tavija'),(3654,NULL,'Bančići'),(3655,NULL,'Varduša '),(3656,NULL,'Vlahovići'),(3657,NULL,'Vođeni'),(3658,NULL,'Gleđevci'),(3659,NULL,'Grablje'),(3660,NULL,'Gradac'),(3661,NULL,'Dubočica'),(3662,NULL,'Žabica'),(3663,NULL,'Žrvanj'),(3664,NULL,'Ivica '),(3665,NULL,'Kapavica'),(3666,NULL,'Krajpolje'),(3667,NULL,'Krtinje'),(3668,NULL,'Kruševica'),(3669,NULL,'Ljubinje'),(3670,NULL,'Mišljen'),(3671,NULL,'Obzir'),(3672,NULL,'Pocrnje'),(3673,NULL,'Pustipusi'),(3674,NULL,'Rankovci'),(3675,NULL,'Rđusi'),(3676,NULL,'Ubosko'),(3677,126,'Batkuša'),(3678,126,'Brvnik'),(3679,126,'Gajevi'),(3680,126,'Gornja Slatina'),(3681,126,'Gornji Hasić'),(3682,126,'Grebnice'),(3683,126,'Donja Slatina'),(3684,126,'Donji Hasić'),(3685,126,'Zasavica'),(3686,126,'Kornica'),(3687,126,'Kruškovo Polje'),(3688,126,'Lugovi'),(3689,126,'Novo Selo'),(3690,126,'Njegoševo'),(3691,126,'Obudovac'),(3692,126,'Pisari'),(3693,126,'Srednja Slatina'),(3694,126,'Tišina'),(3695,126,'Tursinovac'),(3696,126,'Gornja i Donja Crkvina'),(3697,126,'Šamac'),(3698,126,'Škarić'),(3699,NULL,'Batkovići'),(3700,NULL,'Bežđeđe'),(3701,NULL,'Biograd'),(3702,NULL,'Bojišta'),(3703,NULL,'Borovčići'),(3704,NULL,'Bratač'),(3705,NULL,'Budisavlje'),(3706,NULL,'Gaj'),(3707,NULL,'Gornja Bijenja'),(3708,NULL,'Gornji Drežanj'),(3709,NULL,'Gornji Lukavac'),(3710,NULL,'Grabovica'),(3711,NULL,'Donja Bijenja'),(3712,NULL,'Donji Drežanj'),(3713,NULL,'Donji Lukavac'),(3714,NULL,'Dramiševo'),(3715,NULL,'Žiljevo'),(3716,NULL,'Žuberin'),(3717,NULL,'Zaborani'),(3718,NULL,'Zalom'),(3719,NULL,'Zalužje'),(3720,NULL,'Zovi Do'),(3721,NULL,'Jasena'),(3722,NULL,'Jugovići'),(3723,NULL,'Kifino Selo'),(3724,NULL,'Kljen'),(3725,NULL,'Kljuna'),(3726,NULL,'Kovačići'),(3727,NULL,'Krekovi'),(3728,NULL,'Kruševljani'),(3729,NULL,'Lakat'),(3730,NULL,'Luka'),(3731,NULL,'Miljevac'),(3732,NULL,'Nevesinje'),(3733,NULL,'Odžak'),(3734,NULL,'Plužine'),(3735,NULL,'Podgrađe'),(3736,NULL,'Postoljani'),(3737,NULL,'Presjeka'),(3738,NULL,'Pridvorci'),(3739,NULL,'Prkovići'),(3740,NULL,'Rabina'),(3741,NULL,'Rast'),(3742,NULL,'Rilja'),(3743,NULL,'Rogače'),(3744,NULL,'Seljani'),(3745,NULL,'Slato'),(3746,NULL,'Sopilja'),(3747,NULL,'Studenci'),(3748,NULL,'Trusina'),(3749,NULL,'Ćesim '),(3750,NULL,'Udrežnje'),(3751,NULL,'Hrušta'),(3752,NULL,'Humčani'),(3753,NULL,'Šehovina'),(3754,NULL,'Šipačno'),(3755,NULL,'Barane'),(3756,NULL,'Berkovići'),(3757,NULL,'Bitunja'),(3758,NULL,'Brštanik'),(3759,NULL,'Burmazi'),(3760,NULL,'Dabrica'),(3761,NULL,'Do'),(3762,NULL,'Žegulja '),(3763,NULL,'Ljubljenica'),(3764,NULL,'Ljuti Do'),(3765,NULL,'Meča'),(3766,NULL,'Poplat'),(3767,NULL,'Predolje'),(3768,NULL,'Strupići'),(3769,NULL,'Suzina'),(3770,NULL,'Trusina'),(3771,NULL,'Hatelji'),(3772,NULL,'Hodovo'),(3773,NULL,'Hrgud'),(3774,NULL,'Šćepan Krst'),(3775,83,'Busije'),(3776,83,'Velijašnica'),(3777,83,'Velije'),(3778,83,'Gornja Previja'),(3779,83,'Gornja Slatina'),(3780,83,'Gornje Ratkovo'),(3781,83,'Gornje Sokolovo'),(3782,83,'Gornji Vrbljani'),(3783,83,'Gornji Ribnik'),(3784,83,'Donja Previja'),(3785,83,'Donja Slatina'),(3786,83,'Donje Ratkovo'),(3787,83,'Donje Sokolovo'),(3788,83,'Donji Ribnik'),(3789,83,'Donji Vrbljani'),(3790,83,'Dragoraj'),(3791,83,'Zableće'),(3792,83,'Jarice'),(3793,83,'Ljubine'),(3794,83,'Rastoka'),(3795,83,'Sitnica'),(3796,83,'Sredice'),(3797,83,'Stražice'),(3798,83,'Treskavac'),(3799,83,'Crkveno'),(3800,83,'Čađavica'),(3801,83,'Hasići'),(3802,NULL,'Agići'),(3803,NULL,'Begluci'),(3804,NULL,'Bijelo Brdo'),(3805,NULL,'Bosanski Dubočac'),(3806,NULL,'Brezici'),(3807,NULL,'Bukovac'),(3808,NULL,'Bukovica Velika '),(3809,NULL,'Bukovica Mala '),(3810,NULL,'Bunar'),(3811,NULL,'Velika'),(3812,NULL,'Velika Sočanica'),(3813,NULL,'Vrhovi'),(3814,NULL,'Gornja Bišnja'),(3815,NULL,'Gornja Lupljanica'),(3816,NULL,'Gornji Božinci '),(3817,NULL,'Gornji Višnjik'),(3818,NULL,'Gornji Detlak'),(3819,NULL,'Gradac'),(3820,NULL,'Gradina'),(3821,NULL,'Dažnica'),(3822,NULL,'Derventa'),(3823,NULL,'Donja Bišnja'),(3824,NULL,'Donja Lupljanica'),(3825,NULL,'Donji Višnjik'),(3826,NULL,'Donji Detlak'),(3827,NULL,'Drijen'),(3828,NULL,'Žeravac'),(3829,NULL,'Živinice'),(3830,NULL,'Zelenike'),(3831,NULL,'Kalenderovci Gornji '),(3832,NULL,'Kalenderovci Donji '),(3833,NULL,'Kovačevci'),(3834,NULL,'Kostreš'),(3835,NULL,'Kulina'),(3836,NULL,'Kuljenovci'),(3837,NULL,'Lug'),(3838,NULL,'Lužani '),(3839,NULL,'Lužani Bosanski '),(3840,NULL,'Lužani Novi '),(3841,NULL,'Mala Sočanica'),(3842,NULL,'Mišinci'),(3843,NULL,'Miškovci'),(3844,NULL,'Modran'),(3845,NULL,'Osinja'),(3846,NULL,'Osojci'),(3847,NULL,'Pjevalovac'),(3848,NULL,'Pojezna'),(3849,NULL,'Poljari'),(3850,NULL,'Polje'),(3851,NULL,'Rapćani '),(3852,NULL,'Stanići'),(3853,NULL,'Tetima'),(3854,NULL,'Trstenci'),(3855,NULL,'Tunjestala '),(3856,NULL,'Cerani'),(3857,NULL,'Crnča'),(3858,NULL,'Šušnjari'),(3859,132,'Babići'),(3860,132,'Babin Do'),(3861,132,'Bešnjevo'),(3862,132,'Brdo'),(3863,132,'Brđani'),(3864,132,'Vagan'),(3865,132,'Vodica'),(3866,132,'Volari'),(3867,132,'Vražić'),(3868,132,'Gorica'),(3869,132,'Gornji Mujdžići'),(3870,132,'Grbavica'),(3871,132,'Greda'),(3872,132,'Donji Mujdžići'),(3873,132,'Dragnić'),(3874,132,'Dragnić Podovi'),(3875,132,'Duljci'),(3876,132,'Đukići'),(3877,132,'Jusići'),(3878,132,'Kneževići'),(3879,132,'Kozila'),(3880,132,'Krčevine'),(3881,132,'Lipovača'),(3882,132,'Lubovo'),(3883,132,'Lužine'),(3884,132,'Ljuša'),(3885,132,'Majevac'),(3886,132,'Močioci'),(3887,132,'Natpolje'),(3888,132,'Olići'),(3889,132,'Odžak'),(3890,132,'Pljeva'),(3891,132,'Podobzir'),(3892,132,'Podosoje'),(3893,132,'Pribelja'),(3894,132,'Pribeljci'),(3895,132,'Popuže'),(3896,132,'Sarići'),(3897,132,'Sokolac'),(3898,132,'Stupna'),(3899,132,'Todorići'),(3900,132,'Trnovo'),(3901,132,'Hasanbegovci'),(3902,132,'Hatkovci'),(3903,132,'Hrbine'),(3904,132,'Crepulje'),(3905,132,'Čifluk'),(3906,132,'Čuklić'),(3907,132,'Šipovo'),(3908,NULL,'Borogovo'),(3909,NULL,'Viličevići'),(3910,NULL,'Gojčin'),(3911,NULL,'Zelina'),(3912,NULL,'Kosovača'),(3913,NULL,'Kulina'),(3914,NULL,'Kusonje'),(3915,NULL,'Matkovac'),(3916,NULL,'Mahala'),(3917,NULL,'Osmaci'),(3918,NULL,'Rakino Brdo'),(3919,NULL,'Sajtovići'),(3920,NULL,'Hajvazi'),(3921,NULL,'Caparde'),(3922,NULL,'Šarci'),(3923,NULL,'Šeher'),(3924,80,'Babanovci'),(3925,80,'Brezik'),(3926,80,'Velika Ilova'),(3927,80,'Vršani'),(3928,80,'Gajevi'),(3929,80,'Galjipovci'),(3930,80,'Gornja Ilova'),(3931,80,'Gornja Mravica'),(3932,80,'Gornji Vijačani Dio'),(3933,80,'Gornji Galjipovci'),(3934,80,'Gornji Palačkovci'),(3935,80,'Gornji Smrtići'),(3936,80,'Gornji Štrpci'),(3937,80,'Grabik Ilova'),(3938,80,'Gusak'),(3939,80,'Doline'),(3940,80,'Donja Ilova'),(3941,80,'Donja Mravica'),(3942,80,'Donji Vijačani'),(3943,80,'Donji Galjipovci'),(3944,80,'Donji Palačkovci'),(3945,80,'Donji Smrtići'),(3946,80,'Donji Štrpci'),(3947,80,'Drenova'),(3948,80,'Jadovica'),(3949,80,'Jasik'),(3950,80,'Kokori'),(3951,80,'Konjuhovci'),(3952,80,'Karać'),(3953,80,'Kremna'),(3954,80,'Kulaši'),(3955,80,'Lišnja'),(3956,80,'Lužani'),(3957,80,'Maćino Brdo'),(3958,80,'Mravica'),(3959,80,'Mračaj'),(3960,80,'Mujinci'),(3961,80,'Naseobina Babanovci'),(3962,80,'Naseobina Lišnja'),(3963,80,'Naseobina Hrvaćani'),(3964,80,'Novo Selo'),(3965,80,'Okolica'),(3966,80,'Orašje'),(3967,80,'Otpočivaljka'),(3968,80,'Paramije'),(3969,80,'Pečeneg Ilova'),(3970,80,'Popovići'),(3971,80,'Potočani'),(3972,80,'Prnjavor'),(3973,80,'Prosjek'),(3974,80,'Puraći'),(3975,80,'Ralutinac'),(3976,80,'Ratkovac'),(3977,80,'Skakavci'),(3978,80,'Srpovci'),(3979,80,'Hrvaćani'),(3980,80,'Crkvena'),(3981,80,'Čivčije'),(3982,80,'Čorle'),(3983,80,'Šarinci'),(3984,80,'Šereg Ilova'),(3985,80,'Šibovska'),(3986,80,'Štivor'),(3987,72,'Amajlije'),(3988,72,'Balatun'),(3989,72,'Banjica'),(3990,72,'Batar'),(3991,72,'Batković'),(3992,72,'Bijeljina'),(3993,72,'Bjeloševac'),(3994,72,'Brijesnica'),(3995,72,'Brodac Gornji'),(3996,72,'Brodac Donji'),(3997,72,'Bukovica Gornja'),(3998,72,'Bukovica Donja'),(3999,72,'Velika Obarska'),(4000,72,'Velino Selo'),(4001,72,'Vršani'),(4002,72,'Glavičice'),(4003,72,'Glavičorak'),(4004,72,'Glogovac'),(4005,72,'Gojsovac'),(4006,72,'Golo Brdo'),(4007,72,'Gradac'),(4008,72,'Dazdarevo'),(4009,72,'Dvorovi'),(4010,72,'Dijelovi'),(4011,72,'Donji Zagoni'),(4012,72,'Dragaljevac Gornji'),(4013,72,'Dragaljevac Donji'),(4014,72,'Dragaljevac Srednji'),(4015,72,'Zagoni'),(4016,72,'Janja'),(4017,72,'Johovac'),(4018,72,'Kacevac'),(4019,72,'Kovanluk'),(4020,72,'Kovačići'),(4021,72,'Kojčinovac'),(4022,72,'Kriva Bara'),(4023,72,'Ljeljenča'),(4024,72,'Ljeskovac'),(4025,72,'Magnojević Gornji'),(4026,72,'Magnojević Donji'),(4027,72,'Magnojević Srednji'),(4028,72,'Mala Obarska'),(4029,72,'Međaši'),(4030,72,'Modran'),(4031,72,'Novi'),(4032,72,'Novo Naselje'),(4033,72,'Novo Selo'),(4034,72,'Obrijež'),(4035,72,'Ostojićevo'),(4036,72,'Patkovača'),(4037,72,'Piperci'),(4038,72,'Popovi'),(4039,72,'Pučile'),(4040,72,'Ruhotina'),(4041,72,'Slobomir'),(4042,72,'Suho Polje'),(4043,72,'Triješnica'),(4044,72,'Trnjaci'),(4045,72,'Ćipirovine'),(4046,72,'Hase'),(4047,72,'Crnjelovo Gornje'),(4048,72,'Crnjelovo Donje'),(4049,72,'Čađavica Gornja'),(4050,72,'Čađavica Donja'),(4051,72,'Čađavica Srednja'),(4052,72,'Čardačine'),(4053,72,'Čengić'),(4054,NULL,'Abdulići'),(4055,NULL,'Banjevići'),(4056,NULL,'Biljača'),(4057,NULL,'Bjelovac'),(4058,NULL,'Blječeva'),(4059,NULL,'Boljevići'),(4060,NULL,'Brana Bačići'),(4061,NULL,'Bratunac'),(4062,NULL,'Vitkovići'),(4063,NULL,'Voljavica'),(4064,NULL,'Vraneševići'),(4065,NULL,'Glogova'),(4066,NULL,'Dubravice'),(4067,NULL,'Žlijebac'),(4068,NULL,'Zagoni'),(4069,NULL,'Zalužje'),(4070,NULL,'Zapolje'),(4071,NULL,'Jagodnja'),(4072,NULL,'Jaketići'),(4073,NULL,'Ježeštica'),(4074,NULL,'Jelah'),(4075,NULL,'Joševa'),(4076,NULL,'Konjevići'),(4077,NULL,'Kravica'),(4078,NULL,'Krasanovići'),(4079,NULL,'Lipenovići'),(4080,NULL,'Loznica'),(4081,NULL,'Magašići'),(4082,NULL,'Mihaljevići'),(4083,NULL,'Mlečva'),(4084,NULL,'Mratinci'),(4085,NULL,'Opravdići'),(4086,NULL,'Oćenovići'),(4087,NULL,'Pirići'),(4088,NULL,'Pobrđe'),(4089,NULL,'Pobuđe'),(4090,NULL,'Podčauš'),(4091,NULL,'Polom'),(4092,NULL,'Rakovac'),(4093,NULL,'Repovac'),(4094,NULL,'Sikirić'),(4095,NULL,'Slapašnica'),(4096,NULL,'Stanatovići'),(4097,NULL,'Suha'),(4098,NULL,'Tegare'),(4099,NULL,'Urkovići'),(4100,NULL,'Fakovići'),(4101,NULL,'Hranča'),(4102,NULL,'Hrnčići'),(4103,NULL,'Šiljkovići'),(4104,NULL,'Ada '),(4105,NULL,'Vrbovac'),(4106,NULL,'Vukosavlje'),(4107,NULL,'Gnionica'),(4108,NULL,'Jakeš'),(4109,NULL,'Jezero'),(4110,NULL,'Jošavica'),(4111,NULL,'Modrički Lug '),(4112,NULL,'Novo Selo '),(4113,NULL,'Pećnik'),(4114,NULL,'Potočani'),(4115,NULL,'Srnava'),(4116,NULL,'Babešnica'),(4117,NULL,'Botajica'),(4118,NULL,'Vranjak'),(4119,NULL,'Garevac'),(4120,NULL,'Gornje Krečane'),(4121,NULL,'Dobra Voda'),(4122,NULL,'Dobrinja'),(4123,NULL,'Donji Skugrić'),(4124,NULL,'Dugo Polje'),(4125,NULL,'Jasenica'),(4126,NULL,'Kladari Gornji'),(4127,NULL,'Kladari Donji'),(4128,NULL,'Koprivna'),(4129,NULL,'Krčevljani'),(4130,NULL,'Kužnjača'),(4131,NULL,'Miloševac'),(4132,NULL,'Modriča'),(4133,NULL,'Riječani Gornji'),(4134,NULL,'Riječani Donji'),(4135,NULL,'Skugrić Gornji'),(4136,NULL,'Tarevci'),(4137,NULL,'Tolisa'),(4138,NULL,'Čardak'),(4139,NULL,'Aleksići'),(4140,NULL,'Aleksandrovac'),(4141,NULL,'Bakinci'),(4142,NULL,'Boškovići'),(4143,NULL,'Bukovica'),(4144,NULL,'Veliko Blaško'),(4145,NULL,'Glamočani'),(4146,NULL,'Devetina'),(4147,NULL,'Dovići'),(4148,NULL,'Drugovići'),(4149,NULL,'Jablan'),(4150,NULL,'Jakupovci'),(4151,NULL,'Jaružani'),(4152,NULL,'Kadinjani'),(4153,NULL,'Kobatovci'),(4154,NULL,'Koljani'),(4155,NULL,'Kosjerovo'),(4156,NULL,'Kriškovci'),(4157,NULL,'Krnete'),(4158,NULL,'Laktaši'),(4159,NULL,'Ljubatovci'),(4160,NULL,'Maglajani'),(4161,NULL,'Malo Blaško'),(4162,NULL,'Mahovljani'),(4163,NULL,'Milosavci'),(4164,NULL,'Miloševci'),(4165,NULL,'Mrčevci'),(4166,NULL,'Papažani'),(4167,NULL,'Petoševci'),(4168,NULL,'Rajčevci'),(4169,NULL,'Riječani'),(4170,NULL,'Slatina'),(4171,NULL,'Trn'),(4172,NULL,'Ćetojevići'),(4173,NULL,'Čardačani'),(4174,NULL,'Šeškovci'),(4175,NULL,'Šušnjari'),(4176,NULL,'Ajdinovići'),(4177,NULL,'Babin Potok'),(4178,NULL,'Ban Polje'),(4179,NULL,'Barimo'),(4180,NULL,'Batkovica'),(4181,NULL,'Batkušići'),(4182,NULL,'Bijela'),(4183,NULL,'Biljezi'),(4184,NULL,'Bistrivode'),(4185,NULL,'Bjegovići'),(4186,NULL,'Bjeljajci'),(4187,NULL,'Blaž'),(4188,NULL,'Blace'),(4189,NULL,'Bogdašići'),(4190,NULL,'Bogilice'),(4191,NULL,'Bodežnik'),(4192,NULL,'Borovac'),(4193,NULL,'Brezje'),(4194,NULL,'Brodar'),(4195,NULL,'Bursići'),(4196,NULL,'Veletovo'),(4197,NULL,'Velika Gostilja'),(4198,NULL,'Velje Polje'),(4199,NULL,'Velji Lug'),(4200,NULL,'Višegrad'),(4201,NULL,'Višegradska Banja'),(4202,NULL,'Vlahovići'),(4203,NULL,'Vodenice'),(4204,NULL,'Vučine'),(4205,NULL,'Gazibare'),(4206,NULL,'Glogova'),(4207,NULL,'Gornja Brštanica'),(4208,NULL,'Gornja Jagodina'),(4209,NULL,'Gornja Lijeska'),(4210,NULL,'Gornja Crnča'),(4211,NULL,'Gornje Dubovo'),(4212,NULL,'Gornje Štitarevo'),(4213,NULL,'Gornji Dobrun'),(4214,NULL,'Gornji Dubovik'),(4215,NULL,'Granje'),(4216,NULL,'Greben'),(4217,NULL,'Dobrunska Rijeka'),(4218,NULL,'Donja Brštanica'),(4219,NULL,'Donja Jagodina'),(4220,NULL,'Donja Lijeska'),(4221,NULL,'Donja Crnča'),(4222,NULL,'Donje Vardište'),(4223,NULL,'Donje Dubovo'),(4224,NULL,'Donje Štitarevo'),(4225,NULL,'Donji Dobrun'),(4226,NULL,'Donji Dubovik'),(4227,NULL,'Dragomilje'),(4228,NULL,'Drina'),(4229,NULL,'Drinsko'),(4230,NULL,'Drokan'),(4231,NULL,'Dubočica'),(4232,NULL,'Dušče'),(4233,NULL,'Đipi'),(4234,NULL,'Đurevići'),(4235,NULL,'Žagre'),(4236,NULL,'Žlijeb'),(4237,NULL,'Zagorac'),(4238,NULL,'Zakrsnica'),(4239,NULL,'Zanožje'),(4240,NULL,'Zemljice'),(4241,NULL,'Zlatnik'),(4242,NULL,'Jablanica'),(4243,NULL,'Jarci'),(4244,NULL,'Jezernice'),(4245,NULL,'Jelačići'),(4246,NULL,'Jelašci'),(4247,NULL,'Jelići'),(4248,NULL,'Kabernik'),(4249,NULL,'Kamenica'),(4250,NULL,'Kapetanovići'),(4251,NULL,'Klašnik'),(4252,NULL,'Klisura'),(4253,NULL,'Kopito'),(4254,NULL,'Koritnik'),(4255,NULL,'Kosovo Polje'),(4256,NULL,'Kočarim'),(4257,NULL,'Kragujevac'),(4258,NULL,'Kuka'),(4259,NULL,'Kupusovići'),(4260,NULL,'Kurtalići'),(4261,NULL,'Kustur Polje'),(4262,NULL,'Lasci'),(4263,NULL,'Loznica'),(4264,NULL,'Mala Gostilja'),(4265,NULL,'Mangalin Han'),(4266,NULL,'Masali'),(4267,NULL,'Macute'),(4268,NULL,'Madžarevići'),(4269,NULL,'Međeđa'),(4270,NULL,'Međuselje'),(4271,NULL,'Menzilovići'),(4272,NULL,'Meremišlje'),(4273,NULL,'Miloševići'),(4274,NULL,'Mirlovići'),(4275,NULL,'Mramorice'),(4276,NULL,'Mušići'),(4277,NULL,'Nebogovine'),(4278,NULL,'Nezuci'),(4279,NULL,'Obravnje'),(4280,NULL,'Okolišta'),(4281,NULL,'Okrugla'),(4282,NULL,'Omerovići'),(4283,NULL,'Oplave'),(4284,NULL,'Orahovci'),(4285,NULL,'Odžak'),(4286,NULL,'Palež'),(4287,NULL,'Paočići'),(4288,NULL,'Pijavice'),(4289,NULL,'Povjestača'),(4290,NULL,'Podgorje'),(4291,NULL,'Pozderčići'),(4292,NULL,'Poljanice'),(4293,NULL,'Polje '),(4294,NULL,'Prelovo'),(4295,NULL,'Presjeka'),(4296,NULL,'Pretiša'),(4297,NULL,'Prisoje'),(4298,NULL,'Raonići '),(4299,NULL,'Repuševići'),(4300,NULL,'Resnik'),(4301,NULL,'Rzav '),(4302,NULL,'Rijeka '),(4303,NULL,'Rodić Brdo'),(4304,NULL,'Rohci'),(4305,NULL,'Rujišta'),(4306,NULL,'Rutenovići'),(4307,NULL,'Sase'),(4308,NULL,'Sendići'),(4309,NULL,'Smriječje'),(4310,NULL,'Staniševac'),(4311,NULL,'Stolac'),(4312,NULL,'Stražbenice'),(4313,NULL,'Tvrtkovići'),(4314,NULL,'Trševine'),(4315,NULL,'Tupeši '),(4316,NULL,'Turjak'),(4317,NULL,'Tusta Međ'),(4318,NULL,'Ćaćice'),(4319,NULL,'Ubava'),(4320,NULL,'Uništa'),(4321,NULL,'Ušće Lima '),(4322,NULL,'Faljenovići'),(4323,NULL,'Hadrovići'),(4324,NULL,'Haluge'),(4325,NULL,'Hamzići'),(4326,NULL,'Han Brdo'),(4327,NULL,'Holijaci'),(4328,NULL,'Holijačka Luka '),(4329,NULL,'Hranjevac '),(4330,NULL,'Crijep'),(4331,NULL,'Crni Vrh'),(4332,NULL,'Crnčići'),(4333,NULL,'Čengići'),(4334,NULL,'Češalj'),(4335,NULL,'Džankići'),(4336,NULL,'Šeganje'),(4337,NULL,'Šip'),(4338,NULL,'Šumice '),(4339,NULL,'Potoci'),(4340,NULL,'Srnetica'),(4341,NULL,'Uvala'),(4342,123,'Babići'),(4343,123,'Balte'),(4344,123,'Basići'),(4345,123,'Branešci Gornji'),(4346,123,'Branešci Donji'),(4347,123,'Brezičani'),(4348,123,'Vijačani Gornji '),(4349,123,'Grabovac'),(4350,123,'Dubrava Nova'),(4351,123,'Dubrava Stara'),(4352,123,'Jošavka Gornja'),(4353,123,'Jošavka Donja'),(4354,123,'Kablovi'),(4355,123,'Kamenica'),(4356,123,'Lađevci'),(4357,123,'Lipovac'),(4358,123,'Markovac'),(4359,123,'Memići'),(4360,123,'Mehovci'),(4361,123,'Miloševo'),(4362,123,'Opsječko'),(4363,123,'Popovac'),(4364,123,'Skatavica'),(4365,123,'Crni Vrh'),(4366,123,'Čelinac'),(4367,123,'Čelinac Gornji'),(4368,123,'Šahinovići'),(4369,123,'Šnjegotina Velika'),(4370,123,'Šnjegotina Donja'),(4371,123,'Šnjegotina Srednja'),(4372,123,'Štrbe'),(4373,71,'Bravski Vaganac'),(4374,71,'Bukovača'),(4375,71,'Bunara'),(4376,71,'Drinić'),(4377,71,'Klenovac'),(4378,71,'Podsrnetica'),(4379,114,'Anđelije'),(4380,114,'Bastasi'),(4381,114,'Beleni'),(4382,114,'Biokovo'),(4383,114,'Birotići'),(4384,114,'Bogavići'),(4385,114,'Borovinići'),(4386,114,'Borje'),(4387,114,'Brajići'),(4388,114,'Brajkovići'),(4389,114,'Brod'),(4390,114,'Brusna'),(4391,114,'Budanj'),(4392,114,'Bujakovina'),(4393,114,'Bunovi'),(4394,114,'Velenići'),(4395,114,'Vikoč'),(4396,114,'Vitine'),(4397,114,'Vojnovići'),(4398,114,'Vranjevići'),(4399,114,'Vrbnica'),(4400,114,'Vukušići'),(4401,114,'Vučevo'),(4402,114,'Glušca'),(4403,114,'Govza'),(4404,114,'Godijeno'),(4405,114,'Gostičaj'),(4406,114,'Gradac'),(4407,114,'Grandići'),(4408,114,'Grdijevići'),(4409,114,'Daničići'),(4410,114,'Derolovi'),(4411,114,'Dragočava'),(4412,114,'Dragojevići'),(4413,114,'Drače'),(4414,114,'Đeđevo'),(4415,114,'Željevo'),(4416,114,'Zavait'),(4417,114,'Zakmur'),(4418,114,'Zubovići'),(4419,114,'Igoče'),(4420,114,'Izbišno'),(4421,114,'Jasenovo'),(4422,114,'Jeleč'),(4423,114,'Ječmišta'),(4424,114,'Jošanica'),(4425,114,'Kolun'),(4426,114,'Kozarevina'),(4427,114,'Kozja Luka'),(4428,114,'Kosman'),(4429,114,'Kratine'),(4430,114,'Krna Jela'),(4431,114,'Kunduci'),(4432,114,'Kruševo'),(4433,114,'Kunovo'),(4434,114,'Kuta'),(4435,114,'Ljubina'),(4436,114,'Mazoče'),(4437,114,'Meštrevac'),(4438,114,'Miljevina'),(4439,114,'Mirjanovići'),(4440,114,'Mješaji'),(4441,114,'Marevo'),(4442,114,'Orahovo'),(4443,114,'Papratno'),(4444,114,'Patkovina'),(4445,114,'Paunci'),(4446,114,'Poljice'),(4447,114,'Popov Most'),(4448,114,'Potpeće'),(4449,114,'Prevrać'),(4450,114,'Prijeđel'),(4451,114,'Prisoje'),(4452,114,'Puriši'),(4453,114,'Radojevići'),(4454,114,'Rodijelj'),(4455,114,'Rijeka'),(4456,114,'Slatina'),(4457,114,'Sorlaci'),(4458,114,'Susješno '),(4459,114,'Tečići'),(4460,114,'Tjentište'),(4461,114,'Tođevac'),(4462,114,'Toholji'),(4463,114,'Trbušće'),(4464,114,'Trtoševo'),(4465,114,'Tvrdaci'),(4466,114,'Ćurevo'),(4467,114,'Fališi'),(4468,114,'Filipovići'),(4469,114,'Foča'),(4470,114,'Cvilin'),(4471,114,'Cerova Ravan'),(4472,114,'Crnetići'),(4473,114,'Hum'),(4474,114,'Huseinovići'),(4475,114,'Čelebići'),(4476,114,'Čelikovo Polje'),(4477,114,'Škobalji'),(4478,114,'Štović'),(4479,114,'Šuljci'),(4480,120,'Avlija'),(4481,120,'Batkovići'),(4482,120,'Batovo'),(4483,120,'Batotići'),(4484,120,'Bezujno'),(4485,120,'Borajno'),(4486,120,'Brezovice'),(4487,120,'Bučkovići na Bezujanci'),(4488,120,'Glamočevići'),(4489,120,'Gložin'),(4490,120,'Đakovići'),(4491,120,'Zaborak'),(4492,120,'Ifsar'),(4493,120,'Kamen'),(4494,120,'Kapov Han'),(4495,120,'Karovići'),(4496,120,'Krstac'),(4497,120,'Lađevci'),(4498,120,'Luke'),(4499,120,'Međurječje'),(4500,120,'Metaljka'),(4501,120,'Milatkovići'),(4502,120,'Miljeno'),(4503,120,'Mištar'),(4504,120,'Podavrelo'),(4505,120,'Ponikve'),(4506,120,'Prvanj'),(4507,120,'Slatina'),(4508,120,'Staronići'),(4509,120,'Stopići'),(4510,120,'Sudići'),(4511,120,'Todorovići'),(4512,120,'Trpinje'),(4513,120,'Tubrojevići'),(4514,120,'Hunkovići'),(4515,120,'Čajniče'),(4516,NULL,'Baljvine'),(4517,NULL,'Bjelajce'),(4518,NULL,'Brdo'),(4519,NULL,'Vlasinje'),(4520,NULL,'Gerzovo'),(4521,NULL,'Gornja Pecka'),(4522,NULL,'Gornja Podgorja'),(4523,NULL,'Gornji Baraći'),(4524,NULL,'Gornji Graci'),(4525,NULL,'Gustovara'),(4526,NULL,'Dabrac'),(4527,NULL,'Donja Pecka'),(4528,NULL,'Donja Podgorja'),(4529,NULL,'Donji Baraći'),(4530,NULL,'Donji Graci'),(4531,NULL,'Dubica'),(4532,NULL,'Jasenovi Potoci'),(4533,NULL,'Kopljevići'),(4534,NULL,'Kotor'),(4535,NULL,'Liskovica'),(4536,NULL,'Magaljdol'),(4537,NULL,'Majdan'),(4538,NULL,'Medna'),(4539,NULL,'Mlinište'),(4540,NULL,'Mrkonjić Grad'),(4541,NULL,'Okandžije'),(4542,NULL,'Orahovljani'),(4543,NULL,'Oćune'),(4544,NULL,'Podbrdo'),(4545,NULL,'Podorugla'),(4546,NULL,'Podrašnica'),(4547,NULL,'Stupari'),(4548,NULL,'Surjan'),(4549,NULL,'Trijebovo'),(4550,NULL,'Trnovo'),(4551,NULL,'Ubovića Brdo'),(4552,NULL,'Šehovci'),(4553,NULL,'Šibovi'),(4554,NULL,'Baljci'),(4555,NULL,'Bijela Rudina'),(4556,NULL,'Bijeljani'),(4557,NULL,'Bileća'),(4558,NULL,'Bogdašići'),(4559,NULL,'Bodenik'),(4560,NULL,'Brestice'),(4561,NULL,'Vlahinja'),(4562,NULL,'Vranjska'),(4563,NULL,'Vrbica'),(4564,NULL,'Golobrđe'),(4565,NULL,'Gornja Meka Gruda'),(4566,NULL,'Gornji Davidovići'),(4567,NULL,'Granica'),(4568,NULL,'Deleuša'),(4569,NULL,'Divin'),(4570,NULL,'Dlakoše'),(4571,NULL,'Dola'),(4572,NULL,'Donja Meka Gruda'),(4573,NULL,'Donji Davidovići'),(4574,NULL,'Đeče'),(4575,NULL,'Žudojevići'),(4576,NULL,'Zasada'),(4577,NULL,'Zaušje'),(4578,NULL,'Zvijerina'),(4579,NULL,'Kalac'),(4580,NULL,'Kačanj'),(4581,NULL,'Korita'),(4582,NULL,'Krivača'),(4583,NULL,'Krstače'),(4584,NULL,'Kukričje'),(4585,NULL,'Kuti'),(4586,NULL,'Lađevići'),(4587,NULL,'Milavići'),(4588,NULL,'Mirilovići'),(4589,NULL,'Miruše'),(4590,NULL,'Mrežica'),(4591,NULL,'Narat'),(4592,NULL,'Njeganovići'),(4593,NULL,'Oblo Brdo'),(4594,NULL,'Orah'),(4595,NULL,'Orahovice'),(4596,NULL,'Pađeni'),(4597,NULL,'Panik'),(4598,NULL,'Plana'),(4599,NULL,'Podgorje'),(4600,NULL,'Podosoje'),(4601,NULL,'Preraca'),(4602,NULL,'Prijevor'),(4603,NULL,'Prisoje'),(4604,NULL,'Rioca'),(4605,NULL,'Selišta'),(4606,NULL,'Simijova'),(4607,NULL,'Skrobotno'),(4608,NULL,'Todorići'),(4609,NULL,'Torić'),(4610,NULL,'Trnovica'),(4611,NULL,'Fatnica'),(4612,NULL,'Hodžići'),(4613,NULL,'Čepelica'),(4614,NULL,'Šobadine'),(4615,NULL,'Božinci Donji'),(4616,NULL,'Boljanić'),(4617,NULL,'Brezici'),(4618,NULL,'Brestovo'),(4619,NULL,'Brusnica'),(4620,NULL,'Bukovac'),(4621,NULL,'Bukovica Velika '),(4622,NULL,'Bukovica Mala '),(4623,NULL,'Bušletić'),(4624,NULL,'Vranduk'),(4625,NULL,'Glogovica'),(4626,NULL,'Gornja Međeđa '),(4627,NULL,'Gornja Paklenica'),(4628,NULL,'Grabovica'),(4629,NULL,'Grapska Gornja'),(4630,NULL,'Grapska Donja'),(4631,NULL,'Doboj'),(4632,NULL,'Donja Paklenica'),(4633,NULL,'Donji Rakovac'),(4634,NULL,'Dragalovci'),(4635,NULL,'Zarječa '),(4636,NULL,'Zelinja Gornja'),(4637,NULL,'Jelanjska'),(4638,NULL,'Johovac'),(4639,NULL,'Kladari'),(4640,NULL,'Kožuhe'),(4641,NULL,'Komarica'),(4642,NULL,'Kostajnica'),(4643,NULL,'Kotorsko'),(4644,NULL,'Lipac'),(4645,NULL,'Lukavica Rijeka '),(4646,NULL,'Ljeb'),(4647,NULL,'Ljeskove Vode'),(4648,NULL,'Majevac'),(4649,NULL,'Makljenovac'),(4650,NULL,'Miljanovci'),(4651,NULL,'Miljkovac'),(4652,NULL,'Mitrovići'),(4653,NULL,'Omanjska'),(4654,NULL,'Opsine'),(4655,NULL,'Osječani Gornji'),(4656,NULL,'Osječani Donji'),(4657,NULL,'Osojnica'),(4658,NULL,'Osredak'),(4659,NULL,'Ostružnja Gornja'),(4660,NULL,'Ostružnja Donja'),(4661,NULL,'Paležnica Gornja '),(4662,NULL,'Paležnica Donja '),(4663,NULL,'Pločnik'),(4664,NULL,'Podnovlje'),(4665,NULL,'Porječje '),(4666,NULL,'Potočani'),(4667,NULL,'Pridjel Gornji '),(4668,NULL,'Pridjel Donji '),(4669,NULL,'Prisade'),(4670,NULL,'Prnjavor Veliki'),(4671,NULL,'Prnjavor Mali'),(4672,NULL,'Radnja Donja '),(4673,NULL,'Raškovci'),(4674,NULL,'Ritešić'),(4675,NULL,'Rječica Gornja '),(4676,NULL,'Rječica Donja '),(4677,NULL,'Svjetliča'),(4678,NULL,'Sjenina'),(4679,NULL,'Sjenina Rijeka '),(4680,NULL,'Skipovac Gornji'),(4681,NULL,'Skipovac Donji'),(4682,NULL,'Stanari'),(4683,NULL,'Stanić Rijeka'),(4684,NULL,'Stanovi'),(4685,NULL,'Striježevica'),(4686,NULL,'Suho Polje'),(4687,NULL,'Tekućica'),(4688,NULL,'Tisovac'),(4689,NULL,'Trbuk'),(4690,NULL,'Trnjani'),(4691,NULL,'Foča'),(4692,NULL,'Cvrtkovci'),(4693,NULL,'Cerovica'),(4694,NULL,'Čajre'),(4695,NULL,'Čivčije Bukovičke'),(4696,NULL,'Čivčije Osječanske'),(4697,NULL,'Ševarlije'),(4698,NULL,'Klek'),(4699,NULL,'Kozarevići'),(4700,NULL,'Lukavica'),(4701,NULL,'Miljevići'),(4702,NULL,'Petrovići'),(4703,NULL,'dio Novog Sarajeva'),(4704,NULL,'Tvrdimići'),(4705,NULL,'Toplik'),(4706,118,'Gornje Mladice'),(4707,118,'Kasindo'),(4708,118,'Krupac'),(4709,117,'Babine Gornje'),(4710,117,'Berkovina'),(4711,117,'Brložnik'),(4712,117,'Gođenje'),(4713,117,'Žeravice'),(4714,117,'Japaga'),(4715,117,'Jelovci'),(4716,117,'Kraljevo Polje'),(4717,117,'Kram'),(4718,117,'Krivače'),(4719,117,'Kusače'),(4720,117,'Karaula'),(4721,117,'Malo Polje'),(4722,117,'Mrkalji'),(4723,117,'Nevačka'),(4724,117,'Nerići'),(4725,117,'Pjenovac'),(4726,117,'Plane'),(4727,117,'Podžeplje '),(4728,117,'Podkozlovača'),(4729,117,'Ravanjsko'),(4730,117,'Rečica'),(4731,117,'Rijeke'),(4732,117,'Rubinići'),(4733,117,'Stoborani'),(4734,117,'Džimrije'),(4735,117,'Han Pijesak'),(4736,73,'Bak'),(4737,73,'Božanovići'),(4738,73,'Bojići'),(4739,73,'Boljanovići'),(4740,73,'Borija'),(4741,73,'Brda'),(4742,73,'Bukvica'),(4743,73,'Varizi'),(4744,73,'Varoš'),(4745,73,'Vihovići'),(4746,73,'Vlaholje'),(4747,73,'Vezac'),(4748,73,'Vrhovina'),(4749,73,'Vujinovići'),(4750,73,'Golubići'),(4751,73,'Gradina'),(4752,73,'Graiseljići'),(4753,73,'Daganj'),(4754,73,'Dobro Polje'),(4755,73,'Dubrava'),(4756,73,'Jablanići'),(4757,73,'Jažići'),(4758,73,'Jezero'),(4759,73,'Jelašca'),(4760,73,'Kalinovik'),(4761,73,'Klinja'),(4762,73,'Kovačići'),(4763,73,'Kolakovići'),(4764,73,'Krbljine'),(4765,73,'Kruščica'),(4766,73,'Kuta'),(4767,73,'Kutine'),(4768,73,'Ljusići'),(4769,73,'Mekoča'),(4770,73,'Mojkovići'),(4771,73,'Mjehovina'),(4772,73,'Mosorovići'),(4773,73,'Mušići'),(4774,73,'Nedavić'),(4775,73,'Okolišta'),(4776,73,'Obalj'),(4777,73,'Obrnja'),(4778,73,'Osija'),(4779,73,'Plačikus'),(4780,73,'Pločnik'),(4781,73,'Popovići'),(4782,73,'Porija'),(4783,73,'Presjedovac'),(4784,73,'Prević'),(4785,73,'Rajac'),(4786,73,'Rastovac'),(4787,73,'Ruđice'),(4788,73,'Sela'),(4789,73,'Sijerča'),(4790,73,'Sočani'),(4791,73,'Strane'),(4792,73,'Susječno'),(4793,73,'Sedomine'),(4794,73,'Tmuše'),(4795,73,'Tomišlja'),(4796,73,'Trešnjevica'),(4797,73,'Trnovica'),(4798,73,'Tuhobić'),(4799,73,'Ulog'),(4800,73,'Unukovići'),(4801,73,'Hreljići'),(4802,73,'Cerova'),(4803,73,'Čakli'),(4804,73,'Čestaljevo'),(4805,73,'Šivolji'),(4806,86,'Agarovići'),(4807,86,'Babljak'),(4808,86,'Begzadići'),(4809,86,'Berkovići'),(4810,86,'Beći'),(4811,86,'Beheći'),(4812,86,'Bjelogorci'),(4813,86,'Blažujevići'),(4814,86,'Božine'),(4815,86,'Borač'),(4816,86,'Borika'),(4817,86,'Borovac'),(4818,86,'Borovsko'),(4819,86,'Brankovići'),(4820,86,'Brda'),(4821,86,'Brezje'),(4822,86,'Brčigovo'),(4823,86,'Bulozi'),(4824,86,'Burati'),(4825,86,'Varošište'),(4826,86,'Vragolovi'),(4827,86,'Vražalice'),(4828,86,'Vrasalići'),(4829,86,'Vratar'),(4830,86,'Vrelo'),(4831,86,'Vrlazje'),(4832,86,'Gazije'),(4833,86,'Godomilje'),(4834,86,'Golubovići'),(4835,86,'Grivci'),(4836,86,'Guždelji'),(4837,86,'Gučevo'),(4838,86,'Dobrače'),(4839,86,'Dobrašina'),(4840,86,'Dobromerovići'),(4841,86,'Dobroučići'),(4842,86,'Drobnići'),(4843,86,'Dub'),(4844,86,'Dumanjići'),(4845,86,'Đedovići'),(4846,86,'Žepa'),(4847,86,'Živaljevići'),(4848,86,'Živaljevina'),(4849,86,'Zagajevi'),(4850,86,'Zagorice'),(4851,86,'Zakomo'),(4852,86,'Ziličina'),(4853,86,'Jarovići'),(4854,86,'Jasenice'),(4855,86,'Kamen'),(4856,86,'Karačići'),(4857,86,'Kovanj'),(4858,86,'Kozarde'),(4859,86,'Kozići'),(4860,86,'Kopljevići'),(4861,86,'Kramer Selo'),(4862,86,'Krvojevići'),(4863,86,'Kujundžijevići'),(4864,86,'Kukavice'),(4865,86,'Kusuci'),(4866,86,'Lađevine'),(4867,86,'Laze'),(4868,86,'Lepenica'),(4869,86,'Lubardići'),(4870,86,'Ljubomišlje'),(4871,86,'Maravići'),(4872,86,'Mahala'),(4873,86,'Medna Luka'),(4874,86,'Mesići'),(4875,86,'Mislovo'),(4876,86,'Mrgudići'),(4877,86,'Nahota'),(4878,86,'Obrtići'),(4879,86,'Okruglo'),(4880,86,'Orahovo'),(4881,86,'Osovo'),(4882,86,'Otričevo'),(4883,86,'Pavičina Kula'),(4884,86,'Pašić Kula'),(4885,86,'Pešurići'),(4886,86,'Pijevčići'),(4887,86,'Planje'),(4888,86,'Pljesko'),(4889,86,'Plješevica'),(4890,86,'Podgaj'),(4891,86,'Pokrivenik'),(4892,86,'Potkom'),(4893,86,'Pribošijevići'),(4894,86,'Pripečak'),(4895,86,'Prosječeno'),(4896,86,'Purtići'),(4897,86,'Radič'),(4898,86,'Rađevići'),(4899,86,'Rakitnica'),(4900,86,'Ribioc'),(4901,86,'Rogatica'),(4902,86,'Rusanovići'),(4903,86,'Seljani'),(4904,86,'Sjeversko'),(4905,86,'Sjemeć'),(4906,86,'Slap'),(4907,86,'Sočice'),(4908,86,'Stara Gora'),(4909,86,'Stari Brod'),(4910,86,'Starčići'),(4911,86,'Stjenice'),(4912,86,'Stop'),(4913,86,'Strmac'),(4914,86,'Sudići'),(4915,86,'Surovići'),(4916,86,'Trnovo'),(4917,86,'Ferizovići'),(4918,86,'Čavčići'),(4919,86,'Čadovina'),(4920,86,'Čubrići'),(4921,86,'Šatorovići'),(4922,86,'Šena Krena'),(4923,86,'Šetići'),(4924,86,'Šljedovići'),(4925,86,'Šljivno'),(4926,86,'Štavanj'),(4927,74,'Kakmuž'),(4928,74,'Kaluđerica '),(4929,74,'Karanovac'),(4930,74,'Krtova'),(4931,74,'Petrovo'),(4932,74,'Porječina'),(4933,74,'Sočkovac'),(4934,NULL,'Brod'),(4935,NULL,'Brusnica Velika'),(4936,NULL,'Brusnica Mala'),(4937,NULL,'Vinska'),(4938,NULL,'Gornja Barica'),(4939,NULL,'Gornja Vrela'),(4940,NULL,'Gornja Močila'),(4941,NULL,'Gornje Kolibe'),(4942,NULL,'Gornji Klakar'),(4943,NULL,'Grk'),(4944,NULL,'Donja Barica'),(4945,NULL,'Donja Vrela'),(4946,NULL,'Donja Močila'),(4947,NULL,'Donje Kolibe'),(4948,NULL,'Donji Klakar'),(4949,NULL,'Zborište'),(4950,NULL,'Koraće'),(4951,NULL,'Kričanovo'),(4952,NULL,'Kruščik'),(4953,NULL,'Liješće'),(4954,NULL,'Novo Selo i Sijekovac'),(4955,NULL,'Unka.'),(4956,NULL,'Avtovac'),(4957,NULL,'Bahori'),(4958,NULL,'Bašići'),(4959,NULL,'Berušica'),(4960,NULL,'Brajićevići'),(4961,NULL,'Branilovići'),(4962,NULL,'Višnjevo'),(4963,NULL,'Vratkovići'),(4964,NULL,'Vrba'),(4965,NULL,'Gareva'),(4966,NULL,'Gacko'),(4967,NULL,'Gornja Bodežišta'),(4968,NULL,'Gradina'),(4969,NULL,'Gračanica'),(4970,NULL,'Danići'),(4971,NULL,'Dobrelji'),(4972,NULL,'Domrke'),(4973,NULL,'Donja Bodežišta '),(4974,NULL,'Dražljevo'),(4975,NULL,'Dramešina'),(4976,NULL,'Drugovići'),(4977,NULL,'Dubljevići'),(4978,NULL,'Žanjevica'),(4979,NULL,'Zagradci'),(4980,NULL,'Zurovići'),(4981,NULL,'Igri'),(4982,NULL,'Izgori'),(4983,NULL,'Jabuka'),(4984,NULL,'Jasenik'),(4985,NULL,'Jugovići'),(4986,NULL,'Kazanci'),(4987,NULL,'Ključ'),(4988,NULL,'Kokorina'),(4989,NULL,'Kravarevo'),(4990,NULL,'Kula'),(4991,NULL,'Lipnik'),(4992,NULL,'Lončari'),(4993,NULL,'Luka'),(4994,NULL,'Lukovice'),(4995,NULL,'Ljeskov Dub'),(4996,NULL,'Medanići'),(4997,NULL,'Međuljići'),(4998,NULL,'Mekavci'),(4999,NULL,'Melečići'),(5000,NULL,'Miholjače'),(5001,NULL,'Mjedenik'),(5002,NULL,'Mrđenovići'),(5003,NULL,'Muhovići'),(5004,NULL,'Nadinići'),(5005,NULL,'Novi Dulići'),(5006,NULL,'Platice'),(5007,NULL,'Poda'),(5008,NULL,'Pržine'),(5009,NULL,'Pridvorica'),(5010,NULL,'Ravni'),(5011,NULL,'Rudo Polje'),(5012,NULL,'Samobor'),(5013,NULL,'Slivlja'),(5014,NULL,'Soderi'),(5015,NULL,'Srđevići'),(5016,NULL,'Stambelići'),(5017,NULL,'Stari Dulići'),(5018,NULL,'Stepen'),(5019,NULL,'Stolac'),(5020,NULL,'Ulinje'),(5021,NULL,'Fojnica'),(5022,NULL,'Hodinići'),(5023,NULL,'Cernica'),(5024,NULL,'Čemerno'),(5025,NULL,'Šipovica'),(5026,NULL,'Šumići'),(5027,95,'Bajinci'),(5028,95,'Bardača'),(5029,95,'Brezovljani'),(5030,95,'Brusnik'),(5031,95,'Vlaknica'),(5032,95,'Gaj'),(5033,95,'Glamočani'),(5034,95,'Gornja Lepenica'),(5035,95,'Gornji Kladari'),(5036,95,'Gornji Srđevići'),(5037,95,'Donja Lepenica'),(5038,95,'Donji Kladari'),(5039,95,'Donji Srđevići'),(5040,95,'Dugo Polje'),(5041,95,'Ilićani'),(5042,95,'Inađol'),(5043,95,'Kaoci'),(5044,95,'Kobaš'),(5045,95,'Korovi'),(5046,95,'Kukulje'),(5047,95,'Lilić'),(5048,95,'Nova Ves'),(5049,95,'Novi Martinac'),(5050,95,'Nožičko'),(5051,95,'Povelič'),(5052,95,'Prijebljezi'),(5053,95,'Rakovac'),(5054,95,'Razboj Ljevčanski'),(5055,95,'Razboj Župski'),(5056,95,'Resavac'),(5057,95,'Selište'),(5058,95,'Seferovci'),(5059,95,'Sitneši'),(5060,95,'Sitneši Mali'),(5061,95,'Srbac'),(5062,95,'Srbac Selo'),(5063,95,'Stari Martinac'),(5064,95,'Ćukali'),(5065,95,'Crnaja'),(5066,NULL,'Bačići'),(5067,NULL,'Bašča'),(5068,NULL,'Bešići'),(5069,NULL,'Bijelo Polje'),(5070,NULL,'Bišina'),(5071,NULL,'Bukovica Gornja'),(5072,NULL,'Bukovica Donja'),(5073,NULL,'Buljevići'),(5074,NULL,'Vandžići'),(5075,NULL,'Vitići'),(5076,NULL,'Višnjica'),(5077,NULL,'Vrtoče'),(5078,NULL,'Vukovići'),(5079,NULL,'Vukšići'),(5080,NULL,'Vukšić Polje'),(5081,NULL,'Gerovi'),(5082,NULL,'Glušac'),(5083,NULL,'Golići'),(5084,NULL,'Gornje Vrsinje'),(5085,NULL,'Gornji Zalukovik'),(5086,NULL,'Gradina'),(5087,NULL,'Gunjaci'),(5088,NULL,'Derventa'),(5089,NULL,'Donje Vrsinje'),(5090,NULL,'Dubačko'),(5091,NULL,'Dubnica'),(5092,NULL,'Dubnički Most'),(5093,NULL,'Dukići'),(5094,NULL,'Đile'),(5095,NULL,'Đurđevići'),(5096,NULL,'Žutica'),(5097,NULL,'Zabrđe'),(5098,NULL,'Zagrađe'),(5099,NULL,'Zaklopača'),(5100,NULL,'Jeremići'),(5101,NULL,'Kokanovići'),(5102,NULL,'Koprivno'),(5103,NULL,'Kostići'),(5104,NULL,'Kostrača'),(5105,NULL,'Krajčinovići'),(5106,NULL,'Lukavica'),(5107,NULL,'Lukići'),(5108,NULL,'Lukić Polje'),(5109,NULL,'Maćesi'),(5110,NULL,'Manovići'),(5111,NULL,'Marinkovići'),(5112,NULL,'Metaljka'),(5113,NULL,'Milići'),(5114,NULL,'Milića Brdo'),(5115,NULL,'Mišići'),(5116,NULL,'Nova Kasaba'),(5117,NULL,'Nurići'),(5118,NULL,'Pavkovići'),(5119,NULL,'Podbirač'),(5120,NULL,'Podgora'),(5121,NULL,'Pomol'),(5122,NULL,'Rajići'),(5123,NULL,'Raševo'),(5124,NULL,'Raškovići'),(5125,NULL,'Ristijevići'),(5126,NULL,'Rovaši'),(5127,NULL,'Rogač'),(5128,NULL,'Rupovo Brdo'),(5129,NULL,'Sebiočina'),(5130,NULL,'Skugrići'),(5131,NULL,'Stankovići'),(5132,NULL,'Stup'),(5133,NULL,'Supač'),(5134,NULL,'Toljevići'),(5135,NULL,'Todići'),(5136,NULL,'Tumače'),(5137,NULL,'Štedra'),(5138,NULL,'Štedrić'),(5139,98,'Babuljice'),(5140,98,'Bajramovići'),(5141,98,'Beširevići'),(5142,98,'Blažijevići'),(5143,98,'Božići'),(5144,98,'Bostahovine'),(5145,98,'Brakovci'),(5146,98,'Brežani'),(5147,98,'Brezovice'),(5148,98,'Bujakovići'),(5149,98,'Bučinovići'),(5150,98,'Bučje'),(5151,98,'Velika Daljegošta'),(5152,98,'Viogor'),(5153,98,'Gaj'),(5154,98,'Gladovići'),(5155,98,'Gođevići'),(5156,98,'Gornji Potočari'),(5157,98,'Gostilj'),(5158,98,'Dimnići'),(5159,98,'Dobrak'),(5160,98,'Donji Potočari'),(5161,98,'Žabokvica'),(5162,98,'Žedanjsko'),(5163,98,'Kalimanići'),(5164,98,'Karačići'),(5165,98,'Klotjevac'),(5166,98,'Kostolomci'),(5167,98,'Krnjići'),(5168,98,'Krušev Do'),(5169,98,'Kutuzero'),(5170,98,'Liješće'),(5171,98,'Likari'),(5172,98,'Lipovac'),(5173,98,'Luka'),(5174,98,'Ljeskovik'),(5175,98,'Mala Daljegošta'),(5176,98,'Međe'),(5177,98,'Milačevići'),(5178,98,'Miholjevine'),(5179,98,'Moćevići'),(5180,98,'Nogačevići'),(5181,98,'Obadi'),(5182,98,'Opetci'),(5183,98,'Orahovica'),(5184,98,'Osatica'),(5185,98,'Osmače'),(5186,98,'Osredak'),(5187,98,'Pale'),(5188,98,'Palež'),(5189,98,'Peći'),(5190,98,'Pećišta'),(5191,98,'Petriča'),(5192,98,'Podgaj'),(5193,98,'Podosoje'),(5194,98,'Podravno'),(5195,98,'Poznanovići'),(5196,98,'Postolje'),(5197,98,'Pribidoli'),(5198,98,'Pribojevići'),(5199,98,'Prohići'),(5200,98,'Pusmulići'),(5201,98,'Radoševići'),(5202,98,'Radovčići'),(5203,98,'Rađenovići'),(5204,98,'Ratkovići'),(5205,98,'Sase'),(5206,98,'Skelani'),(5207,98,'Skenderovići'),(5208,98,'Slatina'),(5209,98,'Srebrenica'),(5210,98,'Staroglavice'),(5211,98,'Sulice'),(5212,98,'Sućeska'),(5213,98,'Tokoljak'),(5214,98,'Toplica'),(5215,98,'Ćićevci'),(5216,98,'Urisići'),(5217,98,'Fojhar'),(5218,98,'Crvica'),(5219,98,'Šubin'),(5220,NULL,'Adžići'),(5221,NULL,'Berek'),(5222,NULL,'Bistrica'),(5223,NULL,'Bok Jankovac'),(5224,NULL,'Brestovčina'),(5225,NULL,'Bukovac '),(5226,NULL,'Vakuf'),(5227,NULL,'Vilusi'),(5228,NULL,'Vrbaška'),(5229,NULL,'Gašnica'),(5230,NULL,'Gornja Dolina'),(5231,NULL,'Gornja Jurkovica'),(5232,NULL,'Gornja Lipovača'),(5233,NULL,'Gornji Karajzovci'),(5234,NULL,'Gornji Podgradci'),(5235,NULL,'Gradiška '),(5236,NULL,'Grbavci'),(5237,NULL,'Greda'),(5238,NULL,'Donja Dolina'),(5239,NULL,'Donja Jurkovica'),(5240,NULL,'Donji Karajzovci'),(5241,NULL,'Donji Podgradci'),(5242,NULL,'Dragelji'),(5243,NULL,'Dubrave'),(5244,NULL,'Elezagići'),(5245,NULL,'Žeravica'),(5246,NULL,'Jablanica'),(5247,NULL,'Jazovac'),(5248,NULL,'Kijevci'),(5249,NULL,'Kozara'),(5250,NULL,'Kozinci'),(5251,NULL,'Kočićevo '),(5252,NULL,'Krajišnik'),(5253,NULL,'Kruškik'),(5254,NULL,'Laminci Brezici'),(5255,NULL,'Laminci Dubrave'),(5256,NULL,'Laminci Jaružani'),(5257,NULL,'Laminci Sređani'),(5258,NULL,'Liskovac'),(5259,NULL,'Lužani'),(5260,NULL,'Mačkovac'),(5261,NULL,'Mašići'),(5262,NULL,'Miloševo Brdo'),(5263,NULL,'Miljevići'),(5264,NULL,'Mičije'),(5265,NULL,'Mokrice'),(5266,NULL,'Nova Topola'),(5267,NULL,'Novo Selo'),(5268,NULL,'Orahova'),(5269,NULL,'Orubica'),(5270,NULL,'Petrovo Selo'),(5271,NULL,'Rovine'),(5272,NULL,'Rogolji'),(5273,NULL,'Romanovci'),(5274,NULL,'Samardžije'),(5275,NULL,'Seferovci'),(5276,NULL,'Sovjak'),(5277,NULL,'Srednja Jurkovica'),(5278,NULL,'Trebovljani'),(5279,NULL,'Trnovac'),(5280,NULL,'Trošelji'),(5281,NULL,'Turjak'),(5282,NULL,'Cerovljani'),(5283,NULL,'Cimiroti'),(5284,NULL,'Čatrnja'),(5285,NULL,'Čelinovac'),(5286,NULL,'Čikule'),(5287,NULL,'Šaškinovci'),(5288,NULL,'Androvići'),(5289,NULL,'Baljkovica'),(5290,NULL,'Baljkovica Donja'),(5291,NULL,'Boškovići '),(5292,NULL,'Branjevo '),(5293,NULL,'Buložani'),(5294,NULL,'Vitinica'),(5295,NULL,'Vrela'),(5296,NULL,'Glodi'),(5297,NULL,'Glumina'),(5298,NULL,'Gornja Kamenica '),(5299,NULL,'Gornja Pilica'),(5300,NULL,'Gornje Snagovo '),(5301,NULL,'Gornji Grbavci '),(5302,NULL,'Gornji Lokanj'),(5303,NULL,'Gornji Šepak '),(5304,NULL,'Gušteri'),(5305,NULL,'Divič'),(5306,NULL,'Donja Kamenica '),(5307,NULL,'Donja Pilica'),(5308,NULL,'Donji Grbavci '),(5309,NULL,'Donji Lokanj'),(5310,NULL,'Donji Šepak '),(5311,NULL,'Drinjača'),(5312,NULL,'Dugi Dio'),(5313,NULL,'Đevanje'),(5314,NULL,'Đulići'),(5315,NULL,'Ekonomija '),(5316,NULL,'Zvornik'),(5317,NULL,'Zelinje'),(5318,NULL,'Jardan'),(5319,NULL,'Jasenica'),(5320,NULL,'Jošanica '),(5321,NULL,'Jusići'),(5322,NULL,'Karakaj '),(5323,NULL,'Kiseljak'),(5324,NULL,'Kitovnice'),(5325,NULL,'Klisa'),(5326,NULL,'Kozluk'),(5327,NULL,'Kostijerevo'),(5328,NULL,'Križevići'),(5329,NULL,'Kula Grad'),(5330,NULL,'Kučić Kula'),(5331,NULL,'Liješanj'),(5332,NULL,'Liplje '),(5333,NULL,'Malešić '),(5334,NULL,'Novo Selo'),(5335,NULL,'Oraovac '),(5336,NULL,'Odžačina '),(5337,NULL,'Pađine'),(5338,NULL,'Paljevići'),(5339,NULL,'Petkovci'),(5340,NULL,'Potočani'),(5341,NULL,'Roćević'),(5342,NULL,'Samari '),(5343,NULL,'Skočić'),(5344,NULL,'Snagovo '),(5345,NULL,'Sopotnik'),(5346,NULL,'Srednji Šepak '),(5347,NULL,'Sultanovići '),(5348,NULL,'Tabanci'),(5349,NULL,'Trnovica'),(5350,NULL,'Tršić'),(5351,NULL,'Ugljari'),(5352,NULL,'Ulice '),(5353,NULL,'Cer '),(5354,NULL,'Čelopek'),(5355,NULL,'Šetići'),(5356,NULL,'Bjelogorci'),(5357,NULL,'Bljuštevac'),(5358,NULL,'Bogovići'),(5359,NULL,'Brdarići'),(5360,NULL,'Brdo'),(5361,NULL,'Brezovice'),(5362,NULL,'Brnjica'),(5363,NULL,'Buđ'),(5364,NULL,'Vinograd'),(5365,NULL,'Vlahovići'),(5366,NULL,'Gluhovići'),(5367,NULL,'Gornja Vinča'),(5368,NULL,'Gornja Ljubogošta'),(5369,NULL,'Gornje Pale'),(5370,NULL,'Gornji Pribanj'),(5371,NULL,'Gorovići'),(5372,NULL,'Gradac'),(5373,NULL,'Gute'),(5374,NULL,'Donja Vinča'),(5375,NULL,'Donja Ljubogošta'),(5376,NULL,'Jasik'),(5377,NULL,'Jahorina'),(5378,NULL,'Jelovci'),(5379,NULL,'Kadino Selo'),(5380,NULL,'Kamenica'),(5381,NULL,'Kasidoli'),(5382,NULL,'Kosmaj'),(5383,NULL,'Kostreša'),(5384,NULL,'Kračule'),(5385,NULL,'Luke'),(5386,NULL,'Miošići'),(5387,NULL,'Modrik'),(5388,NULL,'Mokro'),(5389,NULL,'Nehorići'),(5390,NULL,'Pavlovac'),(5391,NULL,'Pale'),(5392,NULL,'Petovići'),(5393,NULL,'Podvitez'),(5394,NULL,'Podgrab'),(5395,NULL,'Podloznik'),(5396,NULL,'Podmedenik'),(5397,NULL,'Ponor'),(5398,NULL,'Prača'),(5399,NULL,'Prutine'),(5400,NULL,'Pustopolje'),(5401,NULL,'Radonjići'),(5402,NULL,'Rakite'),(5403,NULL,'Rakovac'),(5404,NULL,'Rogoušići'),(5405,NULL,'Rosulje'),(5406,NULL,'Saice'),(5407,NULL,'Sinjevo'),(5408,NULL,'Sjetlina'),(5409,NULL,'Srednje'),(5410,NULL,'Stajna'),(5411,NULL,'Stambolčić'),(5412,NULL,'Strane'),(5413,NULL,'Sumbulovac'),(5414,NULL,'Turkovići'),(5415,NULL,'Ćemanovići'),(5416,NULL,'Udež'),(5417,NULL,'Hotočina'),(5418,NULL,'Šip'),(5419,NULL,'Agino Selo'),(5420,NULL,'Barlovci'),(5421,NULL,'Bastasi'),(5422,NULL,'Banja Luka'),(5423,NULL,'Bistrica'),(5424,NULL,'Borkovići'),(5425,NULL,'Bočac'),(5426,NULL,'Bronzani Majdan'),(5427,NULL,'Verići'),(5428,NULL,'Vilusi'),(5429,NULL,'Goleši'),(5430,NULL,'Debeljaci'),(5431,NULL,'Dobrnja'),(5432,NULL,'Dragočaj'),(5433,NULL,'Drakulić'),(5434,NULL,'Dujakovci'),(5435,NULL,'Zalužani'),(5436,NULL,'Zelenci'),(5437,NULL,'Jagare'),(5438,NULL,'Kmećani'),(5439,NULL,'Kola'),(5440,NULL,'Kola Donja'),(5441,NULL,'Krmine'),(5442,NULL,'Krupa na Vrbasu'),(5443,NULL,'Kuljani'),(5444,NULL,'Lokvari'),(5445,NULL,'Lusići'),(5446,NULL,'Ljubačevo'),(5447,NULL,'Melina'),(5448,NULL,'Motike'),(5449,NULL,'Obrovac'),(5450,NULL,'Pavići'),(5451,NULL,'Pavlovac'),(5452,NULL,'Pervan Gornji'),(5453,NULL,'Pervan Donji'),(5454,NULL,'Piskavica'),(5455,NULL,'Ponir'),(5456,NULL,'Potkozarje'),(5457,NULL,'Prijakovci'),(5458,NULL,'Priječani'),(5459,NULL,'Prnjavor Mali'),(5460,NULL,'Radmanići'),(5461,NULL,'Radosavska'),(5462,NULL,'Ramići'),(5463,NULL,'Rekavice'),(5464,NULL,'Slavićka'),(5465,NULL,'Stratinska'),(5466,NULL,'Stričići'),(5467,NULL,'Subotica'),(5468,NULL,'Cerici'),(5469,NULL,'Čokori'),(5470,NULL,'Šargovac'),(5471,NULL,'Šimići'),(5472,NULL,'Šljivno'),(5473,101,'Banja Vrućica'),(5474,101,'Bardaci'),(5475,101,'Barići'),(5476,101,'Bijelo Bučje'),(5477,101,'Blatnica'),(5478,101,'Brić'),(5479,101,'Buletić'),(5480,101,'Vitkovci'),(5481,101,'Vlajići'),(5482,101,'Vrela'),(5483,101,'Gomjenica'),(5484,101,'Gornja Radnja'),(5485,101,'Gornja Vrućica'),(5486,101,'Gornje Liplje'),(5487,101,'Gornji Očauš'),(5488,101,'Gornji Ranković'),(5489,101,'Gornji Ružević'),(5490,101,'Gornji Teslić'),(5491,101,'Donji Očauš'),(5492,101,'Donji Ranković'),(5493,101,'Donji Ružević'),(5494,101,'Dubrave'),(5495,101,'Đulići'),(5496,101,'Žarkovina'),(5497,101,'Jasenova'),(5498,101,'Jezera'),(5499,101,'Kalošević'),(5500,101,'Kamenica'),(5501,101,'Komušina Gornja'),(5502,101,'Komušina Donja'),(5503,101,'Kuzmani'),(5504,101,'Mladikovine'),(5505,101,'Osivica'),(5506,101,'Parlozi'),(5507,101,'Pribinić'),(5508,101,'Radešići'),(5509,101,'Rajševa'),(5510,101,'Rastuša'),(5511,101,'Rudo Polje'),(5512,101,'Slatina'),(5513,101,'Stenjak'),(5514,101,'Studenci'),(5515,101,'Teslić'),(5516,101,'Ugodnovići'),(5517,101,'Ukrinica'),(5518,101,'Čečava'),(5519,101,'Šnjegotina Gornja'),(5520,111,'Atmačići'),(5521,111,'Bogutovo Selo'),(5522,111,'Glinje'),(5523,111,'Gornja Krćina'),(5524,111,'Gornja Trnova'),(5525,111,'Donja Krćina'),(5526,111,'Donja Trnova'),(5527,111,'Zabrđe'),(5528,111,'Janjari'),(5529,111,'Jasenje'),(5530,111,'Jasikovac'),(5531,111,'Korenita'),(5532,111,'Maleševci'),(5533,111,'Mezgraja'),(5534,111,'Mukat Stankovići'),(5535,111,'Ravno Polje'),(5536,111,'Sarije'),(5537,111,'Srednja Trnova'),(5538,111,'Stari Ugljevik'),(5539,111,'Tursunovo Brdo'),(5540,111,'Tutnjevac'),(5541,111,'Ugljevik'),(5542,111,'Ugljevik Selo'),(5543,111,'Ugljevička Obrijež'),(5544,NULL,'Blizanci'),(5545,NULL,'Bulozi'),(5546,NULL,'Vuknić'),(5547,NULL,'Vučja Luka'),(5548,NULL,'Gornje Biosko'),(5549,NULL,'Gornje Međuše'),(5550,NULL,'Dovlići'),(5551,NULL,'Donje Biosko'),(5552,NULL,'Donje Međuše'),(5553,NULL,'Kumane'),(5554,NULL,'Lipnik'),(5555,NULL,'Njemanica'),(5556,NULL,'Rakova Noga'),(5557,NULL,'dio Starog Grada'),(5558,NULL,'Sirovine'),(5559,NULL,'Studenkovići'),(5560,NULL,'Faletići'),(5561,NULL,'Hreša'),(5562,NULL,'Šljeme'),(5563,NULL,'Donji Žabar'),(5564,NULL,'Jenjić '),(5565,NULL,'Lepnica '),(5566,NULL,'Lončari'),(5567,NULL,'Oštra Luka'),(5568,NULL,'Čović Polje'),(5569,NULL,'Veliki Dubovik'),(5570,NULL,'Gornji Bušević'),(5571,NULL,'Donji Dubovik'),(5572,NULL,'Donji Petrovići'),(5573,NULL,'Mali Dubovik'),(5574,NULL,'Osredak'),(5575,NULL,'Otoka'),(5576,NULL,'Potkalinje'),(5577,NULL,'Srednji Bušević'),(5578,NULL,'Srednji Dubovik'),(5579,NULL,'Srednji Petrovići'),(5580,NULL,'Hašani');
/*!40000 ALTER TABLE `city_province` ENABLE KEYS */;
UNLOCK TABLES;

--
-- Table structure for table `education_level`
--

DROP TABLE IF EXISTS `education_level`;
/*!40101 SET @saved_cs_client     = @@character_set_client */;
/*!40101 SET character_set_client = utf8 */;
CREATE TABLE `education_level` (
  `id` int(11) NOT NULL AUTO_INCREMENT,
  `education_level` varchar(30) COLLATE utf8mb4_unicode_ci DEFAULT NULL,
  PRIMARY KEY (`id`)
) ENGINE=InnoDB AUTO_INCREMENT=16 DEFAULT CHARSET=utf8mb4 COLLATE=utf8mb4_unicode_ci;
/*!40101 SET character_set_client = @saved_cs_client */;

--
-- Dumping data for table `education_level`
--

LOCK TABLES `education_level` WRITE;
/*!40000 ALTER TABLE `education_level` DISABLE KEYS */;
INSERT INTO `education_level` VALUES (1,'VSS'),(2,'NK'),(3,'VKV'),(4,'SSS'),(5,'VK'),(6,'Nepoznato'),(7,'NK'),(8,'KV'),(9,'VK'),(10,'VKV'),(11,'SSS'),(12,'VŠS'),(13,'VSS'),(14,'MR'),(15,'DR');
/*!40000 ALTER TABLE `education_level` ENABLE KEYS */;
UNLOCK TABLES;

--
-- Table structure for table `employment_status`
--

DROP TABLE IF EXISTS `employment_status`;
/*!40101 SET @saved_cs_client     = @@character_set_client */;
/*!40101 SET character_set_client = utf8 */;
CREATE TABLE `employment_status` (
  `id` int(11) NOT NULL AUTO_INCREMENT,
  `employment_status` varchar(11) COLLATE utf8mb4_unicode_ci DEFAULT NULL,
  PRIMARY KEY (`id`)
) ENGINE=InnoDB AUTO_INCREMENT=31 DEFAULT CHARSET=utf8mb4 COLLATE=utf8mb4_unicode_ci;
/*!40101 SET character_set_client = @saved_cs_client */;

--
-- Dumping data for table `employment_status`
--

LOCK TABLES `employment_status` WRITE;
/*!40000 ALTER TABLE `employment_status` DISABLE KEYS */;
INSERT INTO `employment_status` VALUES (26,' Nepoznatno'),(27,' Zaposlen'),(28,' Nezaposlen'),(29,' Penzioner'),(30,' Školuje se');
/*!40000 ALTER TABLE `employment_status` ENABLE KEYS */;
UNLOCK TABLES;

--
-- Table structure for table `injury`
--

DROP TABLE IF EXISTS `injury`;
/*!40101 SET @saved_cs_client     = @@character_set_client */;
/*!40101 SET character_set_client = utf8 */;
CREATE TABLE `injury` (
  `id` int(11) NOT NULL AUTO_INCREMENT,
  `member_id` int(11) DEFAULT NULL,
  `injury_location_id` int(11) DEFAULT NULL,
  `amputation` bit(1) DEFAULT NULL,
  PRIMARY KEY (`id`),
  KEY `clan_idx` (`member_id`),
  KEY `mjesto_povrede_idx` (`injury_location_id`),
  CONSTRAINT `fk_injury_member_id` FOREIGN KEY (`member_id`) REFERENCES `member` (`id`),
  CONSTRAINT `injury_ibfk_2` FOREIGN KEY (`injury_location_id`) REFERENCES `injury_location` (`id`)
) ENGINE=InnoDB DEFAULT CHARSET=utf8mb4 COLLATE=utf8mb4_unicode_ci;
/*!40101 SET character_set_client = @saved_cs_client */;

--
-- Dumping data for table `injury`
--

LOCK TABLES `injury` WRITE;
/*!40000 ALTER TABLE `injury` DISABLE KEYS */;
/*!40000 ALTER TABLE `injury` ENABLE KEYS */;
UNLOCK TABLES;

--
-- Table structure for table `injury_cause`
--

DROP TABLE IF EXISTS `injury_cause`;
/*!40101 SET @saved_cs_client     = @@character_set_client */;
/*!40101 SET character_set_client = utf8 */;
CREATE TABLE `injury_cause` (
  `id` int(11) NOT NULL AUTO_INCREMENT,
  `injury_cause` varchar(50) COLLATE utf8mb4_unicode_ci DEFAULT NULL,
  PRIMARY KEY (`id`)
) ENGINE=InnoDB AUTO_INCREMENT=10 DEFAULT CHARSET=utf8mb4 COLLATE=utf8mb4_unicode_ci;
/*!40101 SET character_set_client = @saved_cs_client */;

--
-- Dumping data for table `injury_cause`
--

LOCK TABLES `injury_cause` WRITE;
/*!40000 ALTER TABLE `injury_cause` DISABLE KEYS */;
INSERT INTO `injury_cause` VALUES (5,' Nepoznato'),(6,' Mina'),(7,' Metak'),(8,' Nus'),(9,' Granata');
/*!40000 ALTER TABLE `injury_cause` ENABLE KEYS */;
UNLOCK TABLES;

--
-- Table structure for table `injury_location`
--

DROP TABLE IF EXISTS `injury_location`;
/*!40101 SET @saved_cs_client     = @@character_set_client */;
/*!40101 SET character_set_client = utf8 */;
CREATE TABLE `injury_location` (
  `id` int(11) NOT NULL AUTO_INCREMENT,
  `injury_location` varchar(50) COLLATE utf8mb4_unicode_ci DEFAULT NULL,
  PRIMARY KEY (`id`)
) ENGINE=InnoDB AUTO_INCREMENT=18 DEFAULT CHARSET=utf8mb4 COLLATE=utf8mb4_unicode_ci;
/*!40101 SET character_set_client = @saved_cs_client */;

--
-- Dumping data for table `injury_location`
--

LOCK TABLES `injury_location` WRITE;
/*!40000 ALTER TABLE `injury_location` DISABLE KEYS */;
INSERT INTO `injury_location` VALUES (8,' Nepoznato'),(9,' Natkoljenica'),(10,' Potkoljenica'),(11,' Nadlaktica'),(12,' Podlaktica'),(13,' Šaka'),(14,' Prsti'),(15,' Oko'),(16,' Uho'),(17,' Stopalo');
/*!40000 ALTER TABLE `injury_location` ENABLE KEYS */;
UNLOCK TABLES;

--
-- Table structure for table `invalidity_ranking`
--

DROP TABLE IF EXISTS `invalidity_ranking`;
/*!40101 SET @saved_cs_client     = @@character_set_client */;
/*!40101 SET character_set_client = utf8 */;
CREATE TABLE `invalidity_ranking` (
  `id` int(11) NOT NULL AUTO_INCREMENT,
  `invalidity_category` int(11) DEFAULT NULL,
  `invalidity_percentage` int(11) DEFAULT NULL,
  PRIMARY KEY (`id`)
) ENGINE=InnoDB AUTO_INCREMENT=11 DEFAULT CHARSET=utf8mb4 COLLATE=utf8mb4_unicode_ci;
/*!40101 SET character_set_client = @saved_cs_client */;

--
-- Dumping data for table `invalidity_ranking`
--

LOCK TABLES `invalidity_ranking` WRITE;
/*!40000 ALTER TABLE `invalidity_ranking` DISABLE KEYS */;
INSERT INTO `invalidity_ranking` VALUES (1,1,100),(2,2,100),(3,3,90),(4,4,80),(5,5,70),(6,6,60),(7,7,50),(8,8,40),(9,9,30),(10,10,20);
/*!40000 ALTER TABLE `invalidity_ranking` ENABLE KEYS */;
UNLOCK TABLES;

--
-- Table structure for table `invalidity_status`
--

DROP TABLE IF EXISTS `invalidity_status`;
/*!40101 SET @saved_cs_client     = @@character_set_client */;
/*!40101 SET character_set_client = utf8 */;
CREATE TABLE `invalidity_status` (
  `id` int(11) NOT NULL AUTO_INCREMENT,
  `invalidity_status` varchar(15) COLLATE utf8mb4_unicode_ci DEFAULT NULL,
  PRIMARY KEY (`id`)
) ENGINE=InnoDB AUTO_INCREMENT=18 DEFAULT CHARSET=utf8mb4 COLLATE=utf8mb4_unicode_ci;
/*!40101 SET character_set_client = @saved_cs_client */;

--
-- Dumping data for table `invalidity_status`
--

LOCK TABLES `invalidity_status` WRITE;
/*!40000 ALTER TABLE `invalidity_status` DISABLE KEYS */;
INSERT INTO `invalidity_status` VALUES (13,' Nepoznato'),(14,' RVI'),(15,' CŽR'),(16,' Civilni'),(17,' Ostalo');
/*!40000 ALTER TABLE `invalidity_status` ENABLE KEYS */;
UNLOCK TABLES;

--
-- Table structure for table `member`
--

DROP TABLE IF EXISTS `member`;
/*!40101 SET @saved_cs_client     = @@character_set_client */;
/*!40101 SET character_set_client = utf8 */;
CREATE TABLE `member` (
  `id` int(11) NOT NULL AUTO_INCREMENT,
  `name` varchar(45) COLLATE utf8mb4_unicode_ci NOT NULL,
  `surname` varchar(45) COLLATE utf8mb4_unicode_ci NOT NULL,
  `ssn` varchar(13) COLLATE utf8mb4_unicode_ci DEFAULT NULL,
  `birth_date` date DEFAULT NULL,
  `phone_number` varchar(45) COLLATE utf8mb4_unicode_ci DEFAULT NULL,
  `phone_number_2` varchar(45) COLLATE utf8mb4_unicode_ci DEFAULT NULL,
  `city_id` int(11) DEFAULT NULL,
  `city_province_id` int(11) DEFAULT NULL,
  `street_name` varchar(199) COLLATE utf8mb4_unicode_ci DEFAULT NULL,
  `home_number` varchar(10) COLLATE utf8mb4_unicode_ci DEFAULT NULL,
  `household_members` varchar(100) COLLATE utf8mb4_unicode_ci DEFAULT NULL,
  `death_date` date DEFAULT NULL,
  `education_level_id` int(11) DEFAULT NULL,
  `profession_id` int(11) DEFAULT NULL,
  `employment_status_id` int(11) DEFAULT NULL,
  `injury_cause_id` int(11) DEFAULT NULL,
  `sex` char(1) COLLATE utf8mb4_unicode_ci NOT NULL,
  `note` varchar(200) COLLATE utf8mb4_unicode_ci DEFAULT NULL,
  `invalidity_status_id` int(11) DEFAULT NULL,
  `residence_id` int(11) DEFAULT NULL,
  `invalidity_ranking_id` int(11) DEFAULT NULL,
  PRIMARY KEY (`id`),
  KEY `zanimanje_idx` (`profession_id`),
  KEY `stepen_obrazovanja_idx` (`education_level_id`),
  KEY `radni_status_idx` (`employment_status_id`),
  KEY `nacin_povrede_idx` (`injury_cause_id`),
  KEY `mjesna_zaj_idx` (`city_province_id`),
  KEY `mjesto_idx` (`city_id`),
  KEY `mjesto_idxx` (`city_id`),
  KEY `mjestoo_idx` (`city_id`),
  KEY `invalidity_status_id` (`invalidity_status_id`),
  KEY `residence_id` (`residence_id`),
  KEY `invalidity_ranking_id` (`invalidity_ranking_id`),
  CONSTRAINT `member_ibfk_1` FOREIGN KEY (`city_province_id`) REFERENCES `city_province` (`id`),
  CONSTRAINT `member_ibfk_2` FOREIGN KEY (`education_level_id`) REFERENCES `education_level` (`id`),
  CONSTRAINT `member_ibfk_3` FOREIGN KEY (`profession_id`) REFERENCES `profession` (`id`),
  CONSTRAINT `member_ibfk_4` FOREIGN KEY (`employment_status_id`) REFERENCES `employment_status` (`id`),
  CONSTRAINT `member_ibfk_5` FOREIGN KEY (`injury_cause_id`) REFERENCES `injury_cause` (`id`),
  CONSTRAINT `member_ibfk_6` FOREIGN KEY (`invalidity_status_id`) REFERENCES `invalidity_status` (`id`),
  CONSTRAINT `member_ibfk_7` FOREIGN KEY (`residence_id`) REFERENCES `residence` (`id`),
  CONSTRAINT `member_ibfk_8` FOREIGN KEY (`invalidity_ranking_id`) REFERENCES `invalidity_ranking` (`id`),
  CONSTRAINT `member_ibfk_9` FOREIGN KEY (`city_id`) REFERENCES `city` (`id`)
) ENGINE=InnoDB AUTO_INCREMENT=6 DEFAULT CHARSET=utf8mb4 COLLATE=utf8mb4_unicode_ci;
/*!40101 SET character_set_client = @saved_cs_client */;

--
-- Dumping data for table `member`
--

LOCK TABLES `member` WRITE;
/*!40000 ALTER TABLE `member` DISABLE KEYS */;
/*!40000 ALTER TABLE `member` ENABLE KEYS */;
UNLOCK TABLES;

--
-- Table structure for table `meta`
--

DROP TABLE IF EXISTS `meta`;
/*!40101 SET @saved_cs_client     = @@character_set_client */;
/*!40101 SET character_set_client = utf8 */;
CREATE TABLE `meta` (
  `db_version` int(11) NOT NULL,
  PRIMARY KEY (`db_version`)
) ENGINE=InnoDB DEFAULT CHARSET=utf8mb4 COLLATE=utf8mb4_unicode_ci;
/*!40101 SET character_set_client = @saved_cs_client */;

--
-- Dumping data for table `meta`
--

LOCK TABLES `meta` WRITE;
/*!40000 ALTER TABLE `meta` DISABLE KEYS */;
INSERT INTO `meta` VALUES (1);
/*!40000 ALTER TABLE `meta` ENABLE KEYS */;
UNLOCK TABLES;

--
-- Table structure for table `profession`
--

DROP TABLE IF EXISTS `profession`;
/*!40101 SET @saved_cs_client     = @@character_set_client */;
/*!40101 SET character_set_client = utf8 */;
CREATE TABLE `profession` (
  `id` int(11) NOT NULL AUTO_INCREMENT,
  `profession` varchar(30) COLLATE utf8mb4_unicode_ci DEFAULT NULL,
  PRIMARY KEY (`id`)
) ENGINE=InnoDB AUTO_INCREMENT=54 DEFAULT CHARSET=utf8mb4 COLLATE=utf8mb4_unicode_ci;
/*!40101 SET character_set_client = @saved_cs_client */;

--
-- Dumping data for table `profession`
--

LOCK TABLES `profession` WRITE;
/*!40000 ALTER TABLE `profession` DISABLE KEYS */;
INSERT INTO `profession` VALUES (36,' Nepoznato'),(37,' Profesor'),(38,' Stolar'),(39,' Pekar'),(40,' Nastavnik'),(41,' Ljekar'),(42,' Vozač'),(43,' Zemljoradnik'),(44,' Advokat'),(45,' Vulkanizer'),(46,' Vodoinstalater'),(47,' Majstor'),(48,' Moler'),(49,' Zidar'),(50,' Arhivator'),(51,' Autoelektričar'),(52,' Čuvar'),(53,' Portir');
/*!40000 ALTER TABLE `profession` ENABLE KEYS */;
UNLOCK TABLES;

--
-- Table structure for table `residence`
--

DROP TABLE IF EXISTS `residence`;
/*!40101 SET @saved_cs_client     = @@character_set_client */;
/*!40101 SET character_set_client = utf8 */;
CREATE TABLE `residence` (
  `id` int(11) NOT NULL AUTO_INCREMENT,
  `residence` varchar(50) COLLATE utf8mb4_unicode_ci DEFAULT NULL,
  PRIMARY KEY (`id`)
) ENGINE=InnoDB AUTO_INCREMENT=13 DEFAULT CHARSET=utf8mb4 COLLATE=utf8mb4_unicode_ci;
/*!40101 SET character_set_client = @saved_cs_client */;

--
-- Dumping data for table `residence`
--

LOCK TABLES `residence` WRITE;
/*!40000 ALTER TABLE `residence` DISABLE KEYS */;
INSERT INTO `residence` VALUES (5,' Nepoznato'),(6,' Sopstveni objekat'),(7,' Podstanar'),(8,' Neriješeno'),(9,' Nepoznato'),(10,' Sopstveni objekat'),(11,' Podstanar'),(12,' Neriješeno');
/*!40000 ALTER TABLE `residence` ENABLE KEYS */;
UNLOCK TABLES;
/*!40103 SET TIME_ZONE=@OLD_TIME_ZONE */;

/*!40101 SET SQL_MODE=@OLD_SQL_MODE */;
/*!40014 SET FOREIGN_KEY_CHECKS=@OLD_FOREIGN_KEY_CHECKS */;
/*!40014 SET UNIQUE_CHECKS=@OLD_UNIQUE_CHECKS */;
/*!40101 SET CHARACTER_SET_CLIENT=@OLD_CHARACTER_SET_CLIENT */;
/*!40101 SET CHARACTER_SET_RESULTS=@OLD_CHARACTER_SET_RESULTS */;
/*!40101 SET COLLATION_CONNECTION=@OLD_COLLATION_CONNECTION */;
/*!40111 SET SQL_NOTES=@OLD_SQL_NOTES */;

-- Dump completed on 2018-08-04 19:09:32
